Time,Age,model_val,synthetic_val,indicator,country
1,A,0.0916020462771,0,Cases,Germany
1,B,0.0567236418945,0,Cases,Germany
1,C,0.0269828373972,0,Cases,Germany
2,A,0.2276804116469,0,Cases,Germany
2,B,0.1489448245015,0,Cases,Germany
2,C,0.0814482637288,0,Cases,Germany
3,A,0.31863912146600004,0,Cases,Germany
3,B,0.229717603943,0,Cases,Germany
3,C,0.149282960601,0,Cases,Germany
4,A,0.40070589207999985,1,Cases,Germany
4,B,0.32286091450099996,0,Cases,Germany
4,C,0.241136047252,0,Cases,Germany
5,A,0.4952787462900001,1,Cases,Germany
5,B,0.44243999218999996,0,Cases,Germany
5,C,0.364619259108,0,Cases,Germany
6,A,0.61615300592,2,Cases,Germany
6,B,0.59971940645,0,Cases,Germany
6,C,0.529096826063,0,Cases,Germany
7,A,0.7752911180000002,1,Cases,Germany
7,B,0.8073040367700002,2,Cases,Germany
7,C,0.74730391685,1,Cases,Germany
8,A,0.9861292931299999,3,Cases,Germany
8,B,1.08137994927,2,Cases,Germany
8,C,1.0363641222900002,3,Cases,Germany
9,A,1.2656232261499998,0,Cases,Germany
9,B,1.4433541681799995,0,Cases,Germany
9,C,1.4190446068299996,1,Cases,Germany
10,A,1.6359524223,1,Cases,Germany
10,B,1.9216090077300008,1,Cases,Germany
10,C,1.9254956662799998,1,Cases,Germany
11,A,2.1263943584700007,2,Cases,Germany
11,B,2.5537313078699997,4,Cases,Germany
11,C,2.59560819079,1,Cases,Germany
12,A,2.77567194487,2,Cases,Germany
12,B,3.3894582301000007,3,Cases,Germany
12,C,3.4821548163100005,4,Cases,Germany
13,A,3.6350168761,2,Cases,Germany
13,B,4.494585310799998,3,Cases,Germany
13,C,4.6549507634000005,2,Cases,Germany
14,A,4.772209851000001,2,Cases,Germany
14,B,5.956144666,5,Cases,Germany
14,C,6.2063578335,10,Cases,Germany
15,A,6.276922192399997,2,Cases,Germany
15,B,7.889259324600001,6,Cases,Germany
15,C,8.258564135499999,3,Cases,Germany
16,A,8.2677815306,7,Cases,Germany
16,B,10.446212251599999,4,Cases,Germany
16,C,10.9732130853,7,Cases,Germany
17,A,10.901718684999999,10,Cases,Germany
17,B,13.8284437525,4,Cases,Germany
17,C,14.564140490600003,28,Cases,Germany
18,A,14.3863321551,10,Cases,Germany
18,B,18.3024219885,9,Cases,Germany
18,C,19.31422330139999,12,Cases,Germany
19,A,18.996244171,29,Cases,Germany
19,B,24.220636531500006,29,Cases,Germany
19,C,25.597667337800004,24,Cases,Germany
20,A,25.094736481200002,36,Cases,Germany
20,B,32.0493683111,34,Cases,Germany
20,C,33.909489523000005,67,Cases,Germany
21,A,33.16236962500001,37,Cases,Germany
21,B,42.40542271800001,47,Cases,Germany
21,C,44.904516460999986,61,Cases,Germany
22,A,43.83483890099998,26,Cases,Germany
22,B,56.104717881,51,Cases,Germany
22,C,59.44897013100001,57,Cases,Germany
23,A,57.953046693999994,46,Cases,Germany
23,B,74.226552516,97,Cases,Germany
23,C,78.68870155500002,66,Cases,Germany
24,A,76.62933094600001,105,Cases,Germany
24,B,98.19861009699997,100,Cases,Germany
24,C,104.13944230199996,128,Cases,Germany
25,A,101.33505840700002,67,Cases,Germany
25,B,129.90938467300003,58,Cases,Germany
25,C,137.80617349600004,72,Cases,Germany
26,A,134.01646727299993,111,Cases,Germany
26,B,171.85686477900003,180,Cases,Germany
26,C,182.34099757599995,188,Cases,Germany
27,A,177.24785681000003,159,Cases,Germany
27,B,227.34515237699998,148,Cases,Germany
27,C,241.25191653800005,205,Cases,Germany
28,A,234.434141576,102,Cases,Germany
28,B,300.74444170899994,345,Cases,Germany
28,C,319.178904677,233,Cases,Germany
29,A,310.078637919,158,Cases,Germany
29,B,397.83472469000003,134,Cases,Germany
29,C,422.25891935999994,349,Cases,Germany
30,A,410.13702087,427,Cases,Germany
30,B,526.2600979700001,519,Cases,Germany
30,C,558.6084190899999,711,Cases,Germany
31,A,542.48505789,1064,Cases,Germany
31,B,696.1291061900001,638,Cases,Germany
31,C,738.9610729600004,1087,Cases,Germany
32,A,717.5364786999999,753,Cases,Germany
32,B,920.8077916499997,1226,Cases,Germany
32,C,977.51032321,477,Cases,Germany
33,A,949.05879869,902,Cases,Germany
33,B,1217.96682978,1327,Cases,Germany
33,C,1293.0221630199999,2225,Cases,Germany
34,A,1255.2498624500004,2460,Cases,Germany
34,B,1610.9633210700003,819,Cases,Germany
34,C,1710.3040160700002,738,Cases,Germany
35,A,1660.1572829899997,905,Cases,Germany
35,B,2130.6627292800003,1306,Cases,Germany
35,C,2262.1423188300005,2142,Cases,Germany
36,A,2195.547991030001,2594,Cases,Germany
36,B,2817.8386064999995,3577,Cases,Germany
36,C,2991.8559937399987,3673,Cases,Germany
37,A,2903.3671200999997,1844,Cases,Germany
37,B,3726.328854900001,4809,Cases,Germany
37,C,3956.6574347000005,5116,Cases,Germany
38,A,3838.9658681,3211,Cases,Germany
38,B,4927.1791883999995,4888,Cases,Germany
38,C,5232.0691176,4302,Cases,Germany
39,A,5075.328083399998,3757,Cases,Germany
39,B,6514.068841100001,9862,Cases,Germany
39,C,6917.714687200001,8349,Cases,Germany
40,A,6708.585799700002,7110,Cases,Germany
40,B,8610.3913082,12282,Cases,Germany
40,C,9144.890052399998,9550,Cases,Germany
41,A,8865.183910299998,9667,Cases,Germany
41,B,11378.4529214,10576,Cases,Germany
41,C,12086.422733600004,28923,Cases,Germany
42,A,11711.129501700001,11537,Cases,Germany
42,B,15031.3490944,11448,Cases,Germany
42,C,15969.4430392,16293,Cases,Germany
43,A,15463.831570900002,15449,Cases,Germany
43,B,19848.168787799994,19148,Cases,Germany
43,C,21091.8080069,8719,Cases,Germany
44,A,20407.079883900005,31177,Cases,Germany
44,B,26193.23398470001,15491,Cases,Germany
44,C,27843.014483399995,47769,Cases,Germany
45,A,26909.685170599987,44826,Cases,Germany
45,B,34540.048527000006,32249,Cases,Germany
45,C,36730.463296999995,15261,Cases,Germany
46,A,35448.13009400001,35056,Cases,Germany
46,B,45500.41159199999,87878,Cases,Germany
46,C,48411.803270000004,23103,Cases,Germany
47,A,46633.12997099999,42961,Cases,Germany
47,B,59858.57707900001,31683,Cases,Germany
47,C,63733.635509000014,23492,Cases,Germany
48,A,61239.05964400002,41549,Cases,Germany
48,B,78609.136432,40967,Cases,Germany
48,C,83775.83457800001,76191,Cases,Germany
49,A,80233.439809,88573,Cases,Germany
49,B,102995.04780599999,37500,Cases,Germany
49,C,109898.73279899999,105210,Cases,Germany
50,A,104800.632629,84193,Cases,Germany
50,B,134538.33742499998,140170,Cases,Germany
50,C,143786.817842,154654,Cases,Germany
51,A,136349.02085600002,152309,Cases,Germany
51,B,175049.74765300006,166974,Cases,Germany
51,C,187476.63513099996,53264,Cases,Germany
52,A,176483.78751599998,200241,Cases,Germany
52,B,226594.41227899992,286173,Cases,Germany
52,C,243347.47953600006,319317,Cases,Germany
53,A,226918.14530900004,214230,Cases,Germany
53,B,291378.69920699997,194951,Cases,Germany
53,C,314040.93247999996,583711,Cases,Germany
54,A,289286.360249,392319,Cases,Germany
54,B,371511.0373800001,318077,Cases,Germany
54,C,402260.77865,533735,Cases,Germany
55,A,364817.52663,396570,Cases,Germany
55,B,468583.65458999993,571070,Cases,Germany
55,C,510393.5904600001,979666,Cases,Germany
56,A,453840.59812,532733,Cases,Germany
56,B,583036.54856,242438,Cases,Germany
56,C,639894.2660699999,1186385,Cases,Germany
57,A,555134.98013,651081,Cases,Germany
57,B,713320.7319700001,757391,Cases,Germany
57,C,790420.3492999999,666131,Cases,Germany
58,A,665232.13418,620156,Cases,Germany
58,B,854994.6132499995,567440,Cases,Germany
58,C,958797.9226200003,788872,Cases,Germany
59,A,777906.77262,1118753,Cases,Germany
59,B,1000059.2470800001,875263,Cases,Germany
59,C,1138068.5741599994,1255831,Cases,Germany
60,A,884216.2014700002,1533544,Cases,Germany
60,B,1136995.2569300001,833218,Cases,Germany
60,C,1317057.9793200009,1127366,Cases,Germany
61,A,973435.8440499995,722431,Cases,Germany
61,B,1251955.49297,1326782,Cases,Germany
61,C,1480995.3005800005,783432,Cases,Germany
62,A,1034974.6641100002,400908,Cases,Germany
62,B,1331231.33897,1324314,Cases,Germany
62,C,1613520.8940499984,617998,Cases,Germany
63,A,1060850.5118800001,917943,Cases,Germany
63,B,1364459.867350001,1349200,Cases,Germany
63,C,1699866.3268,1067098,Cases,Germany
64,A,1047831.2578699999,829847,Cases,Germany
64,B,1347416.8943999987,1274270,Cases,Germany
64,C,1730281.1583000012,1255304,Cases,Germany
65,A,998304.0304300003,347426,Cases,Germany
65,B,1283170.4417000003,658092,Cases,Germany
65,C,1702398.0022999998,887651,Cases,Germany
66,A,919479.7575000003,1119866,Cases,Germany
66,B,1181067.2835000008,1007955,Cases,Germany
66,C,1621564.0325999986,547957,Cases,Germany
67,A,821345.0101999994,357341,Cases,Germany
67,B,1054075.3523999993,1513303,Cases,Germany
67,C,1499094.4332999997,981680,Cases,Germany
68,A,714278.8708999995,746592,Cases,Germany
68,B,915675.9912,1374725,Cases,Germany
68,C,1349306.8187000006,1166201,Cases,Germany
69,A,607182.9502000008,541913,Cases,Germany
69,B,777419.6623999998,841029,Cases,Germany
69,C,1186518.3077000007,2755877,Cases,Germany
70,A,506517.5581,378903,Cases,Germany
70,B,647666.2212000005,351902,Cases,Germany
70,C,1022876.6356000006,1507007,Cases,Germany
71,A,416174.7436999995,582691,Cases,Germany
71,B,531422.4477000013,262984,Cases,Germany
71,C,867317.1647999994,1075865,Cases,Germany
72,A,337879.74819999933,839384,Cases,Germany
72,B,430872.4053999968,630334,Cases,Germany
72,C,725472.3526999988,426905,Cases,Germany
73,A,271798.40070000105,323255,Cases,Germany
73,B,346176.37200000137,228412,Cases,Germany
73,C,600162.816200003,1021629,Cases,Germany
74,A,217129.0292000007,231188,Cases,Germany
74,B,276247.09109999985,196454,Cases,Germany
74,C,492117.6589999981,614068,Cases,Germany
75,A,172572.9545999989,81032,Cases,Germany
75,B,219364.57310000062,286754,Cases,Germany
75,C,400686.50620000064,483472,Cases,Germany
76,A,136659.80750000104,106736,Cases,Germany
76,B,173599.09439999983,80626,Cases,Germany
76,C,324425.4897999987,279093,Cases,Germany
77,A,107946.43549999967,57490,Cases,Germany
77,B,137067.91750000045,142195,Cases,Germany
77,C,261524.52080000192,190620,Cases,Germany
78,A,85122.28639999963,60736,Cases,Germany
78,B,108069.5634999983,64723,Cases,Germany
78,C,210089.4155999981,88140,Cases,Germany
79,A,67053.08990000002,50336,Cases,Germany
79,B,85137.77610000223,142265,Cases,Germany
79,C,168310.33810000122,151042,Cases,Germany
80,A,52787.77940000035,43172,Cases,Germany
80,B,67048.03280000016,89953,Cases,Germany
80,C,134549.8227000013,102773,Cases,Germany
81,A,41545.91929999925,51750,Cases,Germany
81,B,52799.24419999868,43239,Cases,Germany
81,C,107378.35239999741,79518,Cases,Germany
82,A,32696.552899999544,40230,Cases,Germany
82,B,41584.84059999883,23517,Cases,Germany
82,C,85578.32110000029,108182,Cases,Germany
83,A,25734.787299999967,40357,Cases,Germany
83,B,32761.408500000834,31955,Cases,Germany
83,C,68130.65839999914,64181,Cases,Germany
84,A,20259.443900000304,39560,Cases,Germany
84,B,25819.098200000823,34361,Cases,Germany
84,C,54193.28270000219,52402,Cases,Germany
85,A,15953.265000000596,7029,Cases,Germany
85,B,20355.64429999888,24597,Cases,Germany
85,C,43076.90410000086,40306,Cases,Germany
86,A,12566.14169999957,26281,Cases,Germany
86,B,16054.513000000268,21523,Cases,Germany
86,C,34221.28039999679,33150,Cases,Germany
87,A,9901.29069999978,7709,Cases,Germany
87,B,12667.005200002342,10108,Cases,Germany
87,C,27173.490100000054,28452,Cases,Germany
88,A,7804.064899999648,5534,Cases,Germany
88,B,9997.857999999076,10234,Cases,Germany
88,C,21568.87080000341,22321,Cases,Germany
89,A,6153.004100000486,3495,Cases,Germany
89,B,7893.786899998784,6054,Cases,Germany
89,C,17114.747399996966,23240,Cases,Germany
90,A,4852.734300000593,5128,Cases,Germany
90,B,6234.438900001347,4756,Cases,Germany
90,C,13576.799499999732,29081,Cases,Germany
91,A,3828.3627000004053,2714,Cases,Germany
91,B,4925.277499999851,5458,Cases,Germany
91,C,10767.788300000131,9915,Cases,Germany
92,A,3021.066399998963,3074,Cases,Germany
92,B,3892.006400000304,3060,Cases,Germany
92,C,8538.326500002295,7774,Cases,Germany
93,A,2384.63040000014,2443,Cases,Germany
93,B,3076.200500000268,2300,Cases,Germany
93,C,6769.372299998999,3544,Cases,Germany
94,A,1882.731100000441,1232,Cases,Germany
94,B,2431.887699998915,3416,Cases,Germany
94,C,5366.158799998462,3555,Cases,Germany
95,A,1486.8078000005335,1806,Cases,Germany
95,B,1922.8729999996722,2112,Cases,Germany
95,C,4253.304400000721,4542,Cases,Germany
96,A,1174.3936000000685,852,Cases,Germany
96,B,1520.6427000015974,1840,Cases,Germany
96,C,3370.887200001627,1995,Cases,Germany
97,A,927.8083999995142,1079,Cases,Germany
97,B,1202.7223999984562,2290,Cases,Germany
97,C,2671.299699999392,2689,Cases,Germany
98,A,733.1317999996245,616,Cases,Germany
98,B,951.3892999999225,911,Cases,Germany
98,C,2116.735300000757,1017,Cases,Germany
99,A,579.4009000007063,408,Cases,Germany
99,B,752.6612000018358,390,Cases,Germany
99,C,1677.18219999969,2736,Cases,Germany
100,A,457.97719999961555,554,Cases,Germany
100,B,595.5024999976158,561,Cases,Germany
100,C,1328.82310000062,1270,Cases,Germany
101,A,362.0518999993801,229,Cases,Germany
101,B,471.20030000060797,650,Cases,Germany
101,C,1052.762499999255,770,Cases,Germany
102,A,286.25630000047386,299,Cases,Germany
102,B,372.8729999996722,366,Cases,Germany
102,C,834.0124000012875,396,Cases,Germany
103,A,226.35590000078082,166,Cases,Germany
103,B,295.08420000225306,508,Cases,Germany
103,C,660.6869999989867,683,Cases,Germany
104,A,179.00999999977648,60,Cases,Germany
104,B,233.53789999708533,87,Cases,Germany
104,C,523.3619999997318,265,Cases,Germany
105,A,141.5816999990493,91,Cases,Germany
105,B,184.8383000008762,72,Cases,Germany
105,C,414.56560000032187,331,Cases,Germany
106,A,111.98950000107288,121,Cases,Germany
106,B,146.30079999938607,89,Cases,Germany
106,C,328.3755000010133,308,Cases,Germany
107,A,88.59019999951124,74,Cases,Germany
107,B,115.80310000106692,74,Cases,Germany
107,C,260.097199998796,367,Cases,Germany
108,A,70.08540000021458,66,Cases,Germany
108,B,91.66620000079274,38,Cases,Germany
108,C,206.01049999892712,471,Cases,Germany
109,A,55.44999999925494,42,Cases,Germany
109,B,72.56259999796748,65,Cases,Germany
109,C,163.167199999094,115,Cases,Germany
110,A,43.87370000034571,86,Cases,Germany
110,B,57.44200000166893,69,Cases,Germany
110,C,129.23110000044107,60,Cases,Germany
111,A,34.716199999675155,57,Cases,Germany
111,B,45.473299998790026,45,Cases,Germany
111,C,102.35110000148416,122,Cases,Germany
112,A,27.471699999645352,11,Cases,Germany
112,B,35.99940000101924,35,Cases,Germany
112,C,81.06069999933243,51,Cases,Germany
113,A,21.740100000053644,24,Cases,Germany
113,B,28.499699998646975,29,Cases,Germany
113,C,64.19790000095963,113,Cases,Germany
114,A,17.205099999904633,26,Cases,Germany
114,B,22.562899999320507,24,Cases,Germany
114,C,50.84229999780655,72,Cases,Germany
115,A,13.616600001230836,5,Cases,Germany
115,B,17.86309999972582,20,Cases,Germany
115,C,40.26460000127554,24,Cases,Germany
116,A,10.777099998667836,11,Cases,Germany
116,B,14.142500001937151,13,Cases,Germany
116,C,31.887099999934435,65,Cases,Germany
117,A,8.530000001192093,9,Cases,Germany
117,B,11.196800000965595,10,Cases,Germany
117,C,25.252399999648333,31,Cases,Germany
118,A,6.7516999989748,2,Cases,Germany
118,B,8.864999998360872,12,Cases,Germany
118,C,19.997900001704693,12,Cases,Germany
119,A,5.344200000166893,1,Cases,Germany
119,B,7.018699999898672,2,Cases,Germany
119,C,15.83669999986887,7,Cases,Germany
120,A,4.230299999937415,4,Cases,Germany
120,B,5.557100001722574,5,Cases,Germany
120,C,12.54109999909997,12,Cases,Germany
121,A,3.348600000143051,7,Cases,Germany
121,B,4.39979999884963,2,Cases,Germany
121,C,9.93129999935627,8,Cases,Germany
122,A,2.6508000008761883,3,Cases,Germany
122,B,3.483600001782179,2,Cases,Germany
122,C,7.864599999040365,4,Cases,Germany
123,A,2.0983999986201525,1,Cases,Germany
123,B,2.7581999972462654,2,Cases,Germany
123,C,6.227900002151728,4,Cases,Germany
124,A,1.661199999973178,1,Cases,Germany
124,B,2.1838000006973743,2,Cases,Germany
124,C,4.931699998676777,10,Cases,Germany
125,A,1.3151000011712313,1,Cases,Germany
125,B,1.7291000001132488,1,Cases,Germany
125,C,3.905299998819828,2,Cases,Germany
126,A,1.040999999269843,1,Cases,Germany
126,B,1.3691000007092953,2,Cases,Germany
126,C,3.092500001192093,1,Cases,Germany
127,A,0.8242000006139278,1,Cases,Germany
127,B,1.0839999988675117,1,Cases,Germany
127,C,2.4488999992609024,2,Cases,Germany
128,A,0.6525999996811152,2,Cases,Germany
128,B,0.8583000004291534,2,Cases,Germany
128,C,1.9392000027000904,2,Cases,Germany
129,A,0.5165999997407198,0,Cases,Germany
129,B,0.6796000003814697,0,Cases,Germany
129,C,1.5354999974370003,1,Cases,Germany
130,A,0.4089000001549721,0,Cases,Germany
130,B,0.5381000004708767,0,Cases,Germany
130,C,1.2160000018775463,0,Cases,Germany
131,A,0.32379999943077564,0,Cases,Germany
131,B,0.4261000007390976,1,Cases,Germany
131,C,0.9627999998629093,2,Cases,Germany
132,A,0.2564000003039837,0,Cases,Germany
132,B,0.33729999884963036,0,Cases,Germany
132,C,0.76239999756217,0,Cases,Germany
133,A,0.20299999974668026,0,Cases,Germany
133,B,0.2670999988913536,0,Cases,Germany
133,C,0.6038000024855137,1,Cases,Germany
134,A,0.1607000008225441,0,Cases,Germany
134,B,0.21150000020861626,0,Cases,Germany
134,C,0.4780000001192093,1,Cases,Germany
135,A,0.12719999998807907,1,Cases,Germany
135,B,0.16750000044703484,0,Cases,Germany
135,C,0.37859999760985374,0,Cases,Germany
136,A,0.10070000030100346,0,Cases,Germany
136,B,0.13260000199079514,0,Cases,Germany
136,C,0.2997000031173229,0,Cases,Germany
137,A,0.07980000041425228,0,Cases,Germany
137,B,0.10499999672174454,0,Cases,Germany
137,C,0.23739999905228615,0,Cases,Germany
138,A,0.06309999898076057,0,Cases,Germany
138,B,0.08310000225901604,0,Cases,Germany
138,C,0.18789999932050705,0,Cases,Germany
139,A,0.05000000074505806,0,Cases,Germany
139,B,0.0657999999821186,0,Cases,Germany
139,C,0.14880000054836273,0,Cases,Germany
140,A,0.03959999978542328,0,Cases,Germany
140,B,0.05220000073313713,0,Cases,Germany
140,C,0.11789999902248383,0,Cases,Germany
141,A,0.03139999881386757,0,Cases,Germany
141,B,0.04119999706745148,0,Cases,Germany
141,C,0.093299999833107,0,Cases,Germany
142,A,0.024800000712275505,0,Cases,Germany
142,B,0.03270000219345093,0,Cases,Germany
142,C,0.0738999992609024,1,Cases,Germany
143,A,0.019600000232458115,0,Cases,Germany
143,B,0.02589999884366989,0,Cases,Germany
143,C,0.058500003069639206,0,Cases,Germany
144,A,0.015599999576807022,0,Cases,Germany
144,B,0.020500000566244125,0,Cases,Germany
144,C,0.046299997717142105,0,Cases,Germany
145,A,0.012299999594688416,0,Cases,Germany
145,B,0.016199998557567596,0,Cases,Germany
145,C,0.03669999912381172,0,Cases,Germany
146,A,0.009700000286102295,0,Cases,Germany
146,B,0.012800000607967377,0,Cases,Germany
146,C,0.02900000289082527,1,Cases,Germany
147,A,0.007799999788403511,0,Cases,Germany
147,B,0.010200001299381256,0,Cases,Germany
147,C,0.022999998182058334,0,Cases,Germany
148,A,0.006100000813603401,0,Cases,Germany
148,B,0.007999997586011887,0,Cases,Germany
148,C,0.018300000578165054,0,Cases,Germany
149,A,0.004799999296665192,0,Cases,Germany
149,B,0.006400000303983688,0,Cases,Germany
149,C,0.014400001615285873,0,Cases,Germany
150,A,0.00390000082552433,0,Cases,Germany
150,B,0.005100000649690628,0,Cases,Germany
150,C,0.011399999260902405,0,Cases,Germany
151,A,0.0030000004917383194,0,Cases,Germany
151,B,0.0040000006556510925,0,Cases,Germany
151,C,0.008999999612569809,0,Cases,Germany
152,A,0.002399999648332596,0,Cases,Germany
152,B,0.003100000321865082,0,Cases,Germany
152,C,0.0071999989449977875,0,Cases,Germany
153,A,0.0019000004976987839,0,Cases,Germany
153,B,0.0025000013411045074,0,Cases,Germany
153,C,0.005699999630451202,0,Cases,Germany
154,A,0.001499999314546585,0,Cases,Germany
154,B,0.0020000003278255463,0,Cases,Germany
154,C,0.004500001668930054,0,Cases,Germany
155,A,0.001199999824166298,0,Cases,Germany
155,B,0.0015999972820281982,0,Cases,Germany
155,C,0.0034999996423721313,0,Cases,Germany
156,A,9.000003337860107e-4,0,Cases,Germany
156,B,0.0012000016868114471,0,Cases,Germany
156,C,0.0027999989688396454,0,Cases,Germany
157,A,8.000005036592484e-4,0,Cases,Germany
157,B,9.99998301267624e-4,0,Cases,Germany
157,C,0.002199999988079071,0,Cases,Germany
158,A,5.999989807605743e-4,0,Cases,Germany
158,B,8.000023663043976e-4,0,Cases,Germany
158,C,0.0018000006675720215,0,Cases,Germany
159,A,5.000010132789612e-4,0,Cases,Germany
159,B,5.999989807605743e-4,0,Cases,Germany
159,C,0.001400001347064972,0,Cases,Germany
160,A,2.9999949038028717e-4,0,Cases,Germany
160,B,5.000010132789612e-4,0,Cases,Germany
160,C,0.0010999999940395355,0,Cases,Germany
161,A,2.9999949038028717e-4,0,Cases,Germany
161,B,3.9999932050704956e-4,0,Cases,Germany
161,C,9.000003337860107e-4,0,Cases,Germany
162,A,2.9999949038028717e-4,0,Cases,Germany
162,B,2.9999762773513794e-4,0,Cases,Germany
162,C,6.999969482421875e-4,0,Cases,Germany
163,A,9.999983012676239e-5,0,Cases,Germany
163,B,3.000013530254364e-4,0,Cases,Germany
163,C,5.000010132789612e-4,0,Cases,Germany
164,A,2.00001522898674e-4,0,Cases,Germany
164,B,1.0000169277191162e-4,0,Cases,Germany
164,C,5.000010132789612e-4,0,Cases,Germany
165,A,9.999983012676239e-5,0,Cases,Germany
165,B,1.9999966025352478e-4,0,Cases,Germany
165,C,2.9999762773513794e-4,0,Cases,Germany
166,A,9.999983012676239e-5,0,Cases,Germany
166,B,9.999796748161316e-5,0,Cases,Germany
166,C,3.000013530254364e-4,0,Cases,Germany
167,A,9.999983012676239e-5,0,Cases,Germany
167,B,1.0000169277191162e-4,0,Cases,Germany
167,C,1.9999966025352478e-4,0,Cases,Germany
168,A,0,0,Cases,Germany
168,B,9.999796748161316e-5,0,Cases,Germany
168,C,1.9999966025352478e-4,0,Cases,Germany
169,A,9.999983012676239e-5,0,Cases,Germany
169,B,0,0,Cases,Germany
169,C,1.0000169277191162e-4,0,Cases,Germany
170,A,0,0,Cases,Germany
170,B,1.0000169277191162e-4,0,Cases,Germany
170,C,9.999796748161316e-5,0,Cases,Germany
171,A,0,0,Cases,Germany
171,B,0,0,Cases,Germany
171,C,1.0000169277191162e-4,0,Cases,Germany
172,A,9.999983012676239e-5,0,Cases,Germany
172,B,9.999796748161316e-5,0,Cases,Germany
172,C,9.999796748161316e-5,0,Cases,Germany
173,A,0,0,Cases,Germany
173,B,0,0,Cases,Germany
173,C,0,0,Cases,Germany
174,A,0,0,Cases,Germany
174,B,0,0,Cases,Germany
174,C,1.0000169277191162e-4,0,Cases,Germany
175,A,0,0,Cases,Germany
175,B,0,0,Cases,Germany
175,C,0,0,Cases,Germany
176,A,0,0,Cases,Germany
176,B,0,0,Cases,Germany
176,C,0,0,Cases,Germany
177,A,0,0,Cases,Germany
177,B,0,0,Cases,Germany
177,C,0,0,Cases,Germany
178,A,0,0,Cases,Germany
178,B,0,0,Cases,Germany
178,C,1.0000169277191162e-4,0,Cases,Germany
179,A,0,0,Cases,Germany
179,B,1.0000169277191162e-4,0,Cases,Germany
179,C,0,0,Cases,Germany
180,A,0,0,Cases,Germany
180,B,0,0,Cases,Germany
180,C,0,0,Cases,Germany
181,A,0,0,Cases,Germany
181,B,0,0,Cases,Germany
181,C,0,0,Cases,Germany
182,A,0,0,Cases,Germany
182,B,0,0,Cases,Germany
182,C,0,0,Cases,Germany
183,A,0,0,Cases,Germany
183,B,0,0,Cases,Germany
183,C,0,0,Cases,Germany
184,A,0,0,Cases,Germany
184,B,0,0,Cases,Germany
184,C,0,0,Cases,Germany
185,A,0,0,Cases,Germany
185,B,0,0,Cases,Germany
185,C,0,0,Cases,Germany
186,A,0,0,Cases,Germany
186,B,0,0,Cases,Germany
186,C,0,0,Cases,Germany
187,A,0,0,Cases,Germany
187,B,0,0,Cases,Germany
187,C,0,0,Cases,Germany
188,A,0,0,Cases,Germany
188,B,0,0,Cases,Germany
188,C,0,0,Cases,Germany
189,A,0,0,Cases,Germany
189,B,0,0,Cases,Germany
189,C,0,0,Cases,Germany
190,A,0,0,Cases,Germany
190,B,0,0,Cases,Germany
190,C,0,0,Cases,Germany
191,A,0,0,Cases,Germany
191,B,0,0,Cases,Germany
191,C,0,0,Cases,Germany
192,A,0,0,Cases,Germany
192,B,0,0,Cases,Germany
192,C,0,0,Cases,Germany
193,A,0,0,Cases,Germany
193,B,0,0,Cases,Germany
193,C,0,0,Cases,Germany
194,A,0,0,Cases,Germany
194,B,0,0,Cases,Germany
194,C,0,0,Cases,Germany
195,A,0,0,Cases,Germany
195,B,0,0,Cases,Germany
195,C,0,0,Cases,Germany
196,A,0,0,Cases,Germany
196,B,0,0,Cases,Germany
196,C,0,0,Cases,Germany
197,A,0,0,Cases,Germany
197,B,0,0,Cases,Germany
197,C,0,0,Cases,Germany
198,A,0,0,Cases,Germany
198,B,0,0,Cases,Germany
198,C,0,0,Cases,Germany
199,A,0,0,Cases,Germany
199,B,0,0,Cases,Germany
199,C,0,0,Cases,Germany
200,A,0,0,Cases,Germany
200,B,0,0,Cases,Germany
200,C,0,0,Cases,Germany
201,A,0,0,Cases,Germany
201,B,0,0,Cases,Germany
201,C,0,0,Cases,Germany
202,A,0,0,Cases,Germany
202,B,0,0,Cases,Germany
202,C,0,0,Cases,Germany
203,A,0,0,Cases,Germany
203,B,0,0,Cases,Germany
203,C,0,0,Cases,Germany
204,A,0,0,Cases,Germany
204,B,0,0,Cases,Germany
204,C,0,0,Cases,Germany
205,A,0,0,Cases,Germany
205,B,0,0,Cases,Germany
205,C,0,0,Cases,Germany
206,A,0,0,Cases,Germany
206,B,0,0,Cases,Germany
206,C,0,0,Cases,Germany
207,A,0,0,Cases,Germany
207,B,0,0,Cases,Germany
207,C,0,0,Cases,Germany
208,A,0,0,Cases,Germany
208,B,0,0,Cases,Germany
208,C,0,0,Cases,Germany
209,A,0,0,Cases,Germany
209,B,0,0,Cases,Germany
209,C,0,0,Cases,Germany
210,A,0,0,Cases,Germany
210,B,0,0,Cases,Germany
210,C,0,0,Cases,Germany
211,A,0,0,Cases,Germany
211,B,0,0,Cases,Germany
211,C,0,0,Cases,Germany
212,A,0,0,Cases,Germany
212,B,0,0,Cases,Germany
212,C,0,0,Cases,Germany
213,A,0,0,Cases,Germany
213,B,0,0,Cases,Germany
213,C,0,0,Cases,Germany
214,A,0,0,Cases,Germany
214,B,0,0,Cases,Germany
214,C,0,0,Cases,Germany
215,A,0,0,Cases,Germany
215,B,0,0,Cases,Germany
215,C,0,0,Cases,Germany
216,A,0,0,Cases,Germany
216,B,0,0,Cases,Germany
216,C,0,0,Cases,Germany
217,A,0,0,Cases,Germany
217,B,0,0,Cases,Germany
217,C,0,0,Cases,Germany
218,A,0,0,Cases,Germany
218,B,0,0,Cases,Germany
218,C,0,0,Cases,Germany
219,A,0,0,Cases,Germany
219,B,0,0,Cases,Germany
219,C,0,0,Cases,Germany
220,A,0,0,Cases,Germany
220,B,0,0,Cases,Germany
220,C,0,0,Cases,Germany
221,A,0,0,Cases,Germany
221,B,0,0,Cases,Germany
221,C,0,0,Cases,Germany
222,A,0,0,Cases,Germany
222,B,0,0,Cases,Germany
222,C,0,0,Cases,Germany
223,A,0,0,Cases,Germany
223,B,0,0,Cases,Germany
223,C,0,0,Cases,Germany
224,A,0,0,Cases,Germany
224,B,0,0,Cases,Germany
224,C,0,0,Cases,Germany
225,A,0,0,Cases,Germany
225,B,0,0,Cases,Germany
225,C,0,0,Cases,Germany
226,A,0,0,Cases,Germany
226,B,0,0,Cases,Germany
226,C,0,0,Cases,Germany
227,A,0,0,Cases,Germany
227,B,0,0,Cases,Germany
227,C,0,0,Cases,Germany
228,A,0,0,Cases,Germany
228,B,0,0,Cases,Germany
228,C,0,0,Cases,Germany
229,A,0,0,Cases,Germany
229,B,0,0,Cases,Germany
229,C,0,0,Cases,Germany
230,A,0,0,Cases,Germany
230,B,0,0,Cases,Germany
230,C,0,0,Cases,Germany
231,A,0,0,Cases,Germany
231,B,0,0,Cases,Germany
231,C,0,0,Cases,Germany
232,A,0,0,Cases,Germany
232,B,0,0,Cases,Germany
232,C,0,0,Cases,Germany
233,A,0,0,Cases,Germany
233,B,0,0,Cases,Germany
233,C,0,0,Cases,Germany
234,A,0,0,Cases,Germany
234,B,0,0,Cases,Germany
234,C,0,0,Cases,Germany
235,A,0,0,Cases,Germany
235,B,0,0,Cases,Germany
235,C,0,0,Cases,Germany
236,A,0,0,Cases,Germany
236,B,0,0,Cases,Germany
236,C,0,0,Cases,Germany
237,A,0,0,Cases,Germany
237,B,0,0,Cases,Germany
237,C,0,0,Cases,Germany
238,A,0,0,Cases,Germany
238,B,0,0,Cases,Germany
238,C,0,0,Cases,Germany
239,A,0,0,Cases,Germany
239,B,0,0,Cases,Germany
239,C,0,0,Cases,Germany
240,A,0,0,Cases,Germany
240,B,0,0,Cases,Germany
240,C,0,0,Cases,Germany
241,A,0,0,Cases,Germany
241,B,0,0,Cases,Germany
241,C,0,0,Cases,Germany
242,A,0,0,Cases,Germany
242,B,0,0,Cases,Germany
242,C,0,0,Cases,Germany
243,A,0,0,Cases,Germany
243,B,0,0,Cases,Germany
243,C,0,0,Cases,Germany
244,A,0,0,Cases,Germany
244,B,0,0,Cases,Germany
244,C,0,0,Cases,Germany
245,A,0,0,Cases,Germany
245,B,0,0,Cases,Germany
245,C,0,0,Cases,Germany
246,A,0,0,Cases,Germany
246,B,0,0,Cases,Germany
246,C,0,0,Cases,Germany
247,A,0,0,Cases,Germany
247,B,0,0,Cases,Germany
247,C,0,0,Cases,Germany
248,A,0,0,Cases,Germany
248,B,0,0,Cases,Germany
248,C,0,0,Cases,Germany
249,A,0,0,Cases,Germany
249,B,0,0,Cases,Germany
249,C,0,0,Cases,Germany
250,A,0,0,Cases,Germany
250,B,0,0,Cases,Germany
250,C,0,0,Cases,Germany
251,A,0,0,Cases,Germany
251,B,0,0,Cases,Germany
251,C,0,0,Cases,Germany
252,A,0,0,Cases,Germany
252,B,0,0,Cases,Germany
252,C,0,0,Cases,Germany
253,A,0,0,Cases,Germany
253,B,0,0,Cases,Germany
253,C,0,0,Cases,Germany
254,A,0,0,Cases,Germany
254,B,0,0,Cases,Germany
254,C,0,0,Cases,Germany
255,A,0,0,Cases,Germany
255,B,0,0,Cases,Germany
255,C,0,0,Cases,Germany
256,A,0,0,Cases,Germany
256,B,0,0,Cases,Germany
256,C,0,0,Cases,Germany
257,A,0,0,Cases,Germany
257,B,0,0,Cases,Germany
257,C,0,0,Cases,Germany
258,A,0,0,Cases,Germany
258,B,0,0,Cases,Germany
258,C,0,0,Cases,Germany
259,A,0,0,Cases,Germany
259,B,0,0,Cases,Germany
259,C,0,0,Cases,Germany
260,A,0,0,Cases,Germany
260,B,0,0,Cases,Germany
260,C,0,0,Cases,Germany
261,A,0,0,Cases,Germany
261,B,0,0,Cases,Germany
261,C,0,0,Cases,Germany
262,A,0,0,Cases,Germany
262,B,0,0,Cases,Germany
262,C,0,0,Cases,Germany
263,A,0,0,Cases,Germany
263,B,0,0,Cases,Germany
263,C,0,0,Cases,Germany
264,A,0,0,Cases,Germany
264,B,0,0,Cases,Germany
264,C,0,0,Cases,Germany
265,A,0,0,Cases,Germany
265,B,0,0,Cases,Germany
265,C,0,0,Cases,Germany
266,A,0,0,Cases,Germany
266,B,0,0,Cases,Germany
266,C,0,0,Cases,Germany
267,A,0,0,Cases,Germany
267,B,0,0,Cases,Germany
267,C,0,0,Cases,Germany
268,A,0,0,Cases,Germany
268,B,0,0,Cases,Germany
268,C,0,0,Cases,Germany
269,A,0,0,Cases,Germany
269,B,0,0,Cases,Germany
269,C,0,0,Cases,Germany
270,A,0,0,Cases,Germany
270,B,0,0,Cases,Germany
270,C,0,0,Cases,Germany
1,A,0.00220235759735,0,Hospitalisations,Germany
1,B,5.17109100801e-5,0,Hospitalisations,Germany
1,C,6.79184333586e-6,0,Hospitalisations,Germany
2,A,0.00441326726361,0,Hospitalisations,Germany
2,B,6.187962947609001e-4,0,Hospitalisations,Germany
2,C,8.604738954693999e-5,0,Hospitalisations,Germany
3,A,0.00526484078064,0,Hospitalisations,Germany
3,B,0.0020002282802090003,0,Hospitalisations,Germany
3,C,3.0551983399119997e-4,0,Hospitalisations,Germany
4,A,0.005952212883599999,0,Hospitalisations,Germany
4,B,0.0041195765521700005,0,Hospitalisations,Germany
4,C,7.021401905660001e-4,0,Hospitalisations,Germany
5,A,0.0068054113515,0,Hospitalisations,Germany
5,B,0.00696016130898,0,Hospitalisations,Germany
5,C,0.00131997038868,0,Hospitalisations,Germany
6,A,0.007942170882799998,0,Hospitalisations,Germany
6,B,0.010645346406499999,0,Hospitalisations,Germany
6,C,0.0022180605337800002,0,Hospitalisations,Germany
7,A,0.0094551370384,0,Hospitalisations,Germany
7,B,0.015418796671800003,0,Hospitalisations,Germany
7,C,0.003474640776539999,0,Hospitalisations,Germany
8,A,0.011461813691900004,0,Hospitalisations,Germany
8,B,0.021633796113499998,1,Hospitalisations,Germany
8,C,0.005193800506460001,0,Hospitalisations,Germany
9,A,0.014120841146199999,0,Hospitalisations,Germany
9,B,0.0297658730279,0,Hospitalisations,Germany
9,C,0.007514516447099998,0,Hospitalisations,Germany
10,A,0.017644098223000004,0,Hospitalisations,Germany
10,B,0.04044451497509999,0,Hospitalisations,Germany
10,C,0.010622198980800003,0,Hospitalisations,Germany
11,A,0.02231232886899999,0,Hospitalisations,Germany
11,B,0.054501119348000004,0,Hospitalisations,Germany
11,C,0.0147636227318,0,Hospitalisations,Germany
12,A,0.028496629659000017,0,Hospitalisations,Germany
12,B,0.07303420597999999,0,Hospitalisations,Germany
12,C,0.020266525964,0,Hospitalisations,Germany
13,A,0.036687421327999986,0,Hospitalisations,Germany
13,B,0.09749597499600005,0,Hospitalisations,Germany
13,C,0.027565515154099995,0,Hospitalisations,Germany
14,A,0.047533009476000004,0,Hospitalisations,Germany
14,B,0.12980672625999995,0,Hospitalisations,Germany
14,C,0.037236363716300014,0,Hospitalisations,Germany
15,A,0.061890663145000024,0,Hospitalisations,Germany
15,B,0.17250611038100006,0,Hospitalisations,Germany
15,C,0.05004142557799998,0,Hospitalisations,Germany
16,A,0.080894184323,0,Hospitalisations,Germany
16,B,0.228953146615,1,Hospitalisations,Germany
16,C,0.066989746396,0,Hospitalisations,Germany
17,A,0.10604327121499996,0,Hospitalisations,Germany
17,B,0.303590788449,1,Hospitalisations,Germany
17,C,0.08941660858500003,0,Hospitalisations,Germany
18,A,0.139321708376,0,Hospitalisations,Germany
18,B,0.40229589390999987,0,Hospitalisations,Germany
18,C,0.11908877648399996,0,Hospitalisations,Germany
19,A,0.183353692831,0,Hospitalisations,Germany
19,B,0.5328421777100001,0,Hospitalisations,Germany
19,C,0.15834373278600006,0,Hospitalisations,Germany
20,A,0.24161061075899992,0,Hospitalisations,Germany
20,B,0.7055126165900001,0,Hospitalisations,Germany
20,C,0.21027387507999995,1,Hospitalisations,Germany
21,A,0.3186845528800002,0,Hospitalisations,Germany
21,B,0.9339095464899998,2,Hospitalisations,Germany
21,C,0.2789701825240001,0,Hospitalisations,Germany
22,A,0.42065011137999986,0,Hospitalisations,Germany
22,B,1.2360262548200005,0,Hospitalisations,Germany
22,C,0.3698445455699999,0,Hospitalisations,Germany
23,A,0.5555429504,2,Hospitalisations,Germany
23,B,1.6356644544999996,0,Hospitalisations,Germany
23,C,0.49005614462,0,Hospitalisations,Germany
24,A,0.7339928306200001,2,Hospitalisations,Germany
24,B,2.1643092438,0,Hospitalisations,Germany
24,C,0.6490754522600002,1,Hospitalisations,Germany
25,A,0.9700609174500001,0,Hospitalisations,Germany
25,B,2.8636091402100003,8,Hospitalisations,Germany
25,C,0.85943026129,0,Hospitalisations,Germany
26,A,1.28234726049,1,Hospitalisations,Germany
26,B,3.7886563421999995,3,Hospitalisations,Germany
26,C,1.1376924541600002,0,Hospitalisations,Germany
27,A,1.6954555545499996,1,Hospitalisations,Germany
27,B,5.012325230700002,4,Hospitalisations,Germany
27,C,1.5057831469999998,1,Hospitalisations,Germany
28,A,2.2419303280199996,0,Hospitalisations,Germany
28,B,6.6310101684,8,Hospitalisations,Germany
28,C,1.9926988391499991,1,Hospitalisations,Germany
29,A,2.96481872747,1,Hospitalisations,Germany
29,B,8.772213308199998,8,Hospitalisations,Germany
29,C,2.63679421426,0,Hospitalisations,Germany
30,A,3.9210579273000015,2,Hospitalisations,Germany
30,B,11.6045778581,14,Hospitalisations,Germany
30,C,3.4888008272000004,3,Hospitalisations,Germany
31,A,5.185953629499998,5,Hospitalisations,Germany
31,B,15.3511531017,15,Hospitalisations,Germany
31,C,4.615818414300001,2,Hospitalisations,Germany
32,A,6.859100004400002,6,Hospitalisations,Germany
32,B,20.306928925600005,14,Hospitalisations,Germany
32,C,6.1065913642,9,Hospitalisations,Germany
33,A,9.072203107499998,8,Hospitalisations,Germany
33,B,26.8620084235,36,Hospitalisations,Germany
33,C,8.078482679900002,11,Hospitalisations,Germany
34,A,11.9994164712,4,Hospitalisations,Germany
34,B,35.53222161000001,39,Hospitalisations,Germany
34,C,10.686688952599994,11,Hospitalisations,Germany
35,A,15.870989722599994,30,Hospitalisations,Germany
35,B,46.99955250299999,47,Hospitalisations,Germany
35,C,14.1364119538,20,Hospitalisations,Germany
36,A,20.991281987600004,12,Hospitalisations,Germany
36,B,62.165495166,45,Hospitalisations,Germany
36,C,18.6989275762,13,Hospitalisations,Germany
37,A,27.762518072800006,33,Hospitalisations,Germany
37,B,82.22142082500002,72,Hospitalisations,Germany
37,C,24.732786232600006,21,Hospitalisations,Germany
38,A,36.716087003,50,Hospitalisations,Germany
38,B,108.74128741699997,106,Hospitalisations,Germany
38,C,32.71175922100001,62,Hospitalisations,Germany
39,A,48.553722910000005,61,Hospitalisations,Germany
39,B,143.80362432799996,68,Hospitalisations,Germany
39,C,43.26163532799998,49,Hospitalisations,Germany
40,A,64.20159299600002,82,Hospitalisations,Germany
40,B,190.15175478900005,141,Hospitalisations,Germany
40,C,57.20859651700002,75,Hospitalisations,Germany
41,A,84.88117091699996,52,Hospitalisations,Germany
41,B,251.403749113,297,Hospitalisations,Germany
41,C,75.64268708,65,Hospitalisations,Germany
42,A,112.20181265400004,119,Hospitalisations,Germany
42,B,332.32668304000003,386,Hospitalisations,Germany
42,C,100.00085965299996,64,Hospitalisations,Germany
43,A,148.28117026900003,127,Hospitalisations,Germany
43,B,439.19339143,350,Hospitalisations,Germany
43,C,132.17524180000004,152,Hospitalisations,Germany
44,A,195.9009231519999,253,Hospitalisations,Germany
44,B,580.2439017399997,503,Hospitalisations,Germany
44,C,174.65359332899993,131,Hospitalisations,Germany
45,A,258.70662920199993,209,Hospitalisations,Germany
45,B,766.2776711000001,746,Hospitalisations,Germany
45,C,230.700322583,200,Hospitalisations,Germany
46,A,341.4614789200002,386,Hospitalisations,Germany
46,B,1011.4056912299998,1307,Hospitalisations,Germany
46,C,304.587675238,368,Hospitalisations,Germany
47,A,450.36375002,318,Hospitalisations,Germany
47,B,1333.9916262800007,1664,Hospitalisations,Germany
47,C,401.8873431700001,399,Hospitalisations,Germany
48,A,593.4356758699998,374,Hospitalisations,Germany
48,B,1757.80506952,2147,Hospitalisations,Germany
48,C,529.8319065100002,360,Hospitalisations,Germany
49,A,780.98531809,604,Hospitalisations,Germany
49,B,2313.3920104999997,1915,Hospitalisations,Germany
49,C,697.7517110299996,580,Hospitalisations,Germany
50,A,1026.1297283899999,802,Hospitalisations,Germany
50,B,3039.6284032500007,2690,Hospitalisations,Germany
50,C,917.5834922400004,969,Hospitalisations,Germany
51,A,1345.3424469400006,969,Hospitalisations,Germany
51,B,3985.348247,4973,Hospitalisations,Germany
51,C,1204.4283801699994,1058,Hospitalisations,Germany
52,A,1758.9447044899998,1025,Hospitalisations,Germany
52,B,5210.808504799999,4431,Hospitalisations,Germany
52,C,1577.1032499900002,1844,Hospitalisations,Germany
53,A,2291.3900722200005,2254,Hospitalisations,Germany
53,B,6788.547133299999,8441,Hospitalisations,Germany
53,C,2058.5736763900004,2053,Hospitalisations,Germany
54,A,2971.091275229999,2318,Hospitalisations,Germany
54,B,8802.890911400002,9800,Hospitalisations,Germany
54,C,2676.0723073299996,2259,Hospitalisations,Germany
55,A,3829.409461699999,3008,Hospitalisations,Germany
55,B,11346.987773599998,16289,Hospitalisations,Germany
55,C,3460.5919811000003,2909,Hospitalisations,Germany
56,A,4898.298079300002,4011,Hospitalisations,Germany
56,B,14515.854762100003,14011,Hospitalisations,Germany
56,C,4445.312953000001,4342,Hospitalisations,Germany
57,A,6206.037564399998,8451,Hospitalisations,Germany
57,B,18393.759194499995,12196,Hospitalisations,Germany
57,C,5662.425738899998,5069,Hospitalisations,Germany
58,A,7770.6464748,9790,Hospitalisations,Germany
58,B,23034.681543900006,19961,Hospitalisations,Germany
58,C,7137.844675400003,6874,Hospitalisations,Germany
59,A,9591.088172100004,10396,Hospitalisations,Germany
59,B,28436.177198000005,21376,Hospitalisations,Germany
59,C,8883.625172799999,9675,Hospitalisations,Germany
60,A,11637.4374207,15263,Hospitalisations,Germany
60,B,34510.05070199998,29289,Hospitalisations,Germany
60,C,10888.652974600001,10507,Hospitalisations,Germany
61,A,13842.599685000001,10976,Hospitalisations,Germany
61,B,41057.51792300001,51959,Hospitalisations,Germany
61,C,13109.374233199997,10977,Hospitalisations,Germany
62,A,16099.377770399995,13906,Hospitalisations,Germany
62,B,47760.16501200001,31998,Hospitalisations,Germany
62,C,15463.633575399996,13246,Hospitalisations,Germany
63,A,18266.604921499995,16278,Hospitalisations,Germany
63,B,54197.88375400001,48360,Hospitalisations,Germany
63,C,17831.289176300008,12411,Hospitalisations,Germany
64,A,20185.833622000006,25408,Hospitalisations,Germany
64,B,59898.401855000004,81514,Hospitalisations,Germany
64,C,20064.251333599997,22626,Hospitalisations,Germany
65,A,21705.995511,29620,Hospitalisations,Germany
65,B,64410.870413,49727,Hospitalisations,Germany
65,C,22005.661092999988,16542,Hospitalisations,Germany
66,A,22709.47366300001,29071,Hospitalisations,Germany
66,B,67383.97496600001,84478,Hospitalisations,Germany
66,C,23514.13390700001,16639,Hospitalisations,Germany
67,A,23131.672099999996,26166,Hospitalisations,Germany
67,B,68624.79343999992,36822,Hospitalisations,Germany
67,C,24486.406642999995,21505,Hospitalisations,Germany
68,A,22968.515669999993,20477,Hospitalisations,Germany
68,B,68121.52889900003,75616,Hospitalisations,Germany
68,C,24872.00184100002,14798,Hospitalisations,Germany
69,A,22271.015324999986,21945,Hospitalisations,Germany
69,B,66027.34924500005,64419,Hospitalisations,Germany
69,C,24676.563812999986,26836,Hospitalisations,Germany
70,A,21130.400910000026,19740,Hospitalisations,Germany
70,B,62615.77959199995,78096,Hospitalisations,Germany
70,C,23954.56064000001,23302,Hospitalisations,Germany
71,A,19659.372504999978,18450,Hospitalisations,Germany
71,B,58224.358958999976,82344,Hospitalisations,Germany
71,C,22795.042898999964,22969,Hospitalisations,Germany
72,A,17974.533158999984,15167,Hospitalisations,Germany
72,B,53201.85340200004,48744,Hospitalisations,Germany
72,C,21305.102851000032,25596,Hospitalisations,Germany
73,A,16183.115292000002,14931,Hospitalisations,Germany
73,B,47868.43601399998,43955,Hospitalisations,Germany
73,C,19594.86880399997,18833,Hospitalisations,Germany
74,A,14374.986002000049,16444,Hospitalisations,Germany
74,B,42491.803691000096,35838,Hospitalisations,Germany
74,C,17766.23627200001,20024,Hospitalisations,Germany
75,A,12619.397279999976,12176,Hospitalisations,Germany
75,B,37277.597300999914,37659,Hospitalisations,Germany
75,C,15905.950509000046,16488,Hospitalisations,Germany
76,A,10965.22102399997,9829,Hospitalisations,Germany
76,B,32370.296659999993,28554,Hospitalisations,Germany
76,C,14082.571203999978,10458,Hospitalisations,Germany
77,A,9443.299203000031,7225,Hospitalisations,Germany
77,B,27860.43992000015,31391,Hospitalisations,Germany
77,C,12346.338844000013,14418,Hospitalisations,Germany
78,A,8069.770123999973,6720,Hospitalisations,Germany
78,B,23794.725339999888,31656,Hospitalisations,Germany
78,C,10730.881727,9618,Hospitalisations,Germany
79,A,6849.575888000021,5022,Hospitalisations,Germany
79,B,20186.603700000094,20788,Hospitalisations,Germany
79,C,9255.862589999975,7630,Hospitalisations,Germany
80,A,5779.679769999988,6479,Hospitalisations,Germany
80,B,17025.951780000003,11401,Hospitalisations,Germany
80,C,7929.910447000002,5919,Hospitalisations,Germany
81,A,4851.769757000031,5533,Hospitalisations,Germany
81,B,14287.166989999823,15639,Hospitalisations,Germany
81,C,6753.423645999981,10689,Hospitalisations,Germany
82,A,4054.3879650000017,5568,Hospitalisations,Germany
82,B,11935.515200000023,15923,Hospitalisations,Germany
82,C,5721.022349000035,6053,Hospitalisations,Germany
83,A,3374.519499999995,3858,Hospitalisations,Germany
83,B,9931.843779999996,9552,Hospitalisations,Germany
83,C,4823.5632040000055,3346,Hospitalisations,Germany
84,A,2798.7187849999755,1607,Hospitalisations,Germany
84,B,8235.903520000167,2855,Hospitalisations,Germany
84,C,4049.7128769999836,3930,Hospitalisations,Germany
85,A,2313.864785999991,1556,Hospitalisations,Germany
85,B,6808.5596299998,4891,Hospitalisations,Germany
85,C,3387.122881999996,4234,Hospitalisations,Germany
86,A,1907.6328010000288,1535,Hospitalisations,Germany
86,B,5613.15914000012,5820,Hospitalisations,Germany
86,C,2823.2679140000255,2091,Hospitalisations,Germany
87,A,1568.7586310000042,3178,Hospitalisations,Germany
87,B,4616.283439999912,3299,Hospitalisations,Germany
87,C,2346.0141069999663,2322,Hospitalisations,Germany
88,A,1287.1566250000033,1585,Hospitalisations,Germany
88,B,3788.0712500000373,2832,Hospitalisations,Germany
88,C,1943.9789849999943,1043,Hospitalisations,Germany
89,A,1053.9391859999741,855,Hospitalisations,Germany
89,B,3102.2539300001226,2705,Hospitalisations,Germany
89,C,1606.736383999989,1805,Hospitalisations,Germany
90,A,861.3732230000314,905,Hospitalisations,Germany
90,B,2536.0088499998674,2033,Hospitalisations,Germany
90,C,1324.9099730000016,1350,Hospitalisations,Germany
91,A,702.7992229999509,631,Hospitalisations,Germany
91,B,2069.706209999975,2148,Hospitalisations,Germany
91,C,1090.1897110000136,1059,Hospitalisations,Germany
92,A,572.5308590000495,416,Hospitalisations,Germany
92,B,1686.602240000153,1460,Hospitalisations,Germany
92,C,895.2974570000079,1049,Hospitalisations,Germany
93,A,465.74732699996093,313,Hospitalisations,Germany
93,B,1372.5138499999885,1782,Hospitalisations,Germany
93,C,733.9211580000119,671,Hospitalisations,Germany
94,A,378.3862720000325,379,Hospitalisations,Germany
94,B,1115.497449999908,1162,Hospitalisations,Germany
94,C,600.6316760000191,467,Hospitalisations,Germany
95,A,307.04218799999217,277,Hospitalisations,Germany
95,B,905.5459400000982,592,Hospitalisations,Germany
95,C,490.7920489999815,398,Hospitalisations,Germany
96,A,248.87300399999367,396,Hospitalisations,Germany
96,B,734.3110299999826,681,Hospitalisations,Germany
96,C,400.46584700001404,519,Hospitalisations,Germany
97,A,201.51613100001123,203,Hospitalisations,Germany
97,B,594.854629999958,699,Hospitalisations,Germany
97,C,326.3289179999847,452,Hospitalisations,Germany
98,A,163.01432299998123,270,Hospitalisations,Germany
98,B,481.4298300000373,423,Hospitalisations,Germany
98,C,265.58710399997653,264,Hospitalisations,Germany
99,A,131.75106199999573,155,Hospitalisations,Germany
99,B,389.2902999999933,313,Hospitalisations,Germany
99,C,215.90132200001972,156,Hospitalisations,Germany
100,A,106.3948570000357,131,Hospitalisations,Germany
100,B,314.52639000001363,360,Hospitalisations,Germany
100,C,175.32053999998607,236,Hospitalisations,Germany
101,A,85.85164099995745,94,Hospitalisations,Germany
101,B,253.92512000002898,330,Hospitalisations,Germany
101,C,142.2226920000394,135,Hospitalisations,Germany
102,A,69.22440300002927,72,Hospitalisations,Germany
102,B,204.8516299999319,194,Hospitalisations,Germany
102,C,115.26313599996502,114,Hospitalisations,Germany
103,A,55.77913300000364,63,Hospitalisations,Germany
103,B,165.14932999992743,196,Hospitalisations,Germany
103,C,93.33015699998941,89,Hospitalisations,Germany
104,A,44.916288000007626,44,Hospitalisations,Germany
104,B,133.05602000001818,76,Hospitalisations,Germany
104,C,75.50680999999167,69,Hospitalisations,Germany
105,A,36.14694899995811,41,Hospitalisations,Germany
105,B,107.13416999997571,117,Hospitalisations,Germany
105,C,61.03845700004604,61,Hospitalisations,Germany
106,A,29.07300200004829,30,Hospitalisations,Germany
106,B,86.21273000002839,62,Hospitalisations,Germany
106,C,49.30527199996868,29,Hospitalisations,Germany
107,A,23.370725999993738,10,Hospitalisations,Germany
107,B,69.33902999991551,40,Hospitalisations,Germany
107,C,39.799093000008725,46,Hospitalisations,Germany
108,A,18.777212999993935,12,Hospitalisations,Germany
108,B,55.738980000140145,71,Hospitalisations,Germany
108,C,32.10401299997466,33,Hospitalisations,Germany
109,A,15.079197999963071,8,Hospitalisations,Germany
109,B,44.78437999985181,60,Hospitalisations,Germany
109,C,25.88015500002075,24,Hospitalisations,Germany
110,A,12.10386999999173,16,Hospitalisations,Germany
110,B,35.96587000018917,32,Hospitalisations,Germany
110,C,20.8501839999808,15,Hospitalisations,Germany
111,A,9.711338000022806,9,Hospitalisations,Germany
111,B,28.870909999823198,23,Hospitalisations,Germany
111,C,16.788092000002507,46,Hospitalisations,Germany
112,A,7.788467000005767,9,Hospitalisations,Germany
112,B,23.16571000008844,39,Hospitalisations,Germany
112,C,13.509942000033334,12,Hospitalisations,Germany
113,A,6.243834999972023,5,Hospitalisations,Germany
113,B,18.580360000021756,20,Hospitalisations,Germany
113,C,10.866196000017226,7,Hospitalisations,Germany
114,A,5.00363400002243,7,Hospitalisations,Germany
114,B,14.89682999998331,22,Hospitalisations,Germany
114,C,8.735425999970175,6,Hospitalisations,Germany
115,A,4.008314999984577,2,Hospitalisations,Germany
115,B,11.93910999991931,7,Hospitalisations,Germany
115,C,7.019127000006847,7,Hospitalisations,Germany
116,A,3.2098660000483505,1,Hospitalisations,Germany
116,B,9.565240000141785,10,Hospitalisations,Germany
116,C,5.637464999977965,4,Hospitalisations,Germany
117,A,2.5696139999781735,4,Hospitalisations,Germany
117,B,7.6607500000391155,18,Hospitalisations,Germany
117,C,4.525795000023209,4,Hospitalisations,Germany
118,A,2.0564119999762625,4,Hospitalisations,Germany
118,B,6.133440000005066,8,Hospitalisations,Germany
118,C,3.6318219999666326,5,Hospitalisations,Germany
119,A,1.6452070000232197,2,Hospitalisations,Germany
119,B,4.909099999815226,8,Hospitalisations,Germany
119,C,2.9132680000038818,2,Hospitalisations,Germany
120,A,1.31583999999566,3,Hospitalisations,Germany
120,B,3.927960000000894,2,Hospitalisations,Germany
120,C,2.335984000004828,5,Hospitalisations,Germany
121,A,1.0521159999771044,0,Hospitalisations,Germany
121,B,3.1420100000686944,4,Hospitalisations,Germany
121,C,1.87240400002338,1,Hospitalisations,Germany
122,A,0.8410230000154115,1,Hospitalisations,Germany
122,B,2.5126199999358505,5,Hospitalisations,Germany
122,C,1.500292000011541,2,Hospitalisations,Germany
123,A,0.6721060000127181,1,Hospitalisations,Germany
123,B,2.008760000113398,2,Hospitalisations,Germany
123,C,1.2017249999917112,0,Hospitalisations,Germany
124,A,0.5369840000057593,2,Hospitalisations,Germany
124,B,1.605530000058934,1,Hospitalisations,Germany
124,C,0.9622610000078566,2,Hospitalisations,Germany
125,A,0.4289219999918714,1,Hospitalisations,Germany
125,B,1.2829199999105185,1,Hospitalisations,Germany
125,C,0.7702730000019073,0,Hospitalisations,Germany
126,A,0.34252800000831485,0,Hospitalisations,Germany
126,B,1.024890000000596,1,Hospitalisations,Germany
126,C,0.6164049999788404,1,Hospitalisations,Germany
127,A,0.2734749999945052,0,Hospitalisations,Germany
127,B,0.8185600000433624,0,Hospitalisations,Germany
127,C,0.4931280000018887,0,Hospitalisations,Germany
128,A,0.2182949999696575,0,Hospitalisations,Germany
128,B,0.6536299998406321,1,Hospitalisations,Germany
128,C,0.394397999974899,0,Hospitalisations,Germany
129,A,0.17421300004934892,0,Hospitalisations,Germany
129,B,0.5218200001399964,1,Hospitalisations,Germany
129,C,0.31534800003282726,1,Hospitalisations,Germany
130,A,0.1390049999463372,0,Hospitalisations,Germany
130,B,0.4165000000502914,0,Hospitalisations,Germany
130,C,0.25207799999043345,0,Hospitalisations,Germany
131,A,0.11089100001845509,0,Hospitalisations,Germany
131,B,0.3323699999600649,0,Hospitalisations,Germany
131,C,0.20145100000081584,0,Hospitalisations,Germany
132,A,0.08844600000884384,0,Hospitalisations,Germany
132,B,0.26517999987117946,0,Hospitalisations,Germany
132,C,0.16095300001325086,0,Hospitalisations,Germany
133,A,0.07053199998335913,0,Hospitalisations,Germany
133,B,0.2115400000475347,1,Hospitalisations,Germany
133,C,0.1285669999779202,1,Hospitalisations,Germany
134,A,0.05623600003309548,0,Hospitalisations,Germany
134,B,0.16871000011451542,0,Hospitalisations,Germany
134,C,0.10267400002339855,0,Hospitalisations,Germany
135,A,0.044830999977421016,0,Hospitalisations,Germany
135,B,0.13453999999910593,0,Hospitalisations,Germany
135,C,0.08197800000198185,0,Hospitalisations,Germany
136,A,0.03573200001846999,0,Hospitalisations,Germany
136,B,0.10725999996066093,0,Hospitalisations,Germany
136,C,0.06543899996904656,1,Hospitalisations,Germany
137,A,0.02847499999916181,0,Hospitalisations,Germany
137,B,0.08550000004470348,0,Hospitalisations,Germany
137,C,0.05222800001502037,0,Hospitalisations,Germany
138,A,0.022690000012516975,0,Hospitalisations,Germany
138,B,0.06814999994821846,0,Hospitalisations,Germany
138,C,0.041673999978229403,0,Hospitalisations,Germany
139,A,0.018075999978464097,0,Hospitalisations,Germany
139,B,0.054299999959766865,0,Hospitalisations,Germany
139,C,0.03324700001394376,0,Hospitalisations,Germany
140,A,0.014398999977856874,0,Hospitalisations,Germany
140,B,0.04327000002376735,0,Hospitalisations,Germany
140,C,0.026520000013988465,0,Hospitalisations,Germany
141,A,0.011468000011518598,0,Hospitalisations,Germany
141,B,0.03447000007145107,0,Hospitalisations,Germany
141,C,0.021148999978322536,0,Hospitalisations,Germany
142,A,0.009132000035606325,0,Hospitalisations,Germany
142,B,0.02746000001206994,0,Hospitalisations,Germany
142,C,0.016862999997101724,0,Hospitalisations,Germany
143,A,0.007271999958902597,0,Hospitalisations,Germany
143,B,0.021869999822229147,0,Hospitalisations,Germany
143,C,0.013444000040180981,0,Hospitalisations,Germany
144,A,0.005789000017102808,0,Hospitalisations,Germany
144,B,0.017410000087693334,0,Hospitalisations,Germany
144,C,0.010715999989770353,0,Hospitalisations,Germany
145,A,0.004608999995980412,0,Hospitalisations,Germany
145,B,0.013869999907910824,0,Hospitalisations,Germany
145,C,0.008541000017430633,0,Hospitalisations,Germany
146,A,0.003667999990284443,0,Hospitalisations,Germany
146,B,0.011040000012144446,0,Hospitalisations,Germany
146,C,0.006804999953601509,0,Hospitalisations,Germany
147,A,0.0029189999913796782,0,Hospitalisations,Germany
147,B,0.008790000109001994,0,Hospitalisations,Germany
147,C,0.005423000024165958,0,Hospitalisations,Germany
148,A,0.002322999993339181,0,Hospitalisations,Germany
148,B,0.00698999990709126,0,Hospitalisations,Germany
148,C,0.004318999999668449,0,Hospitalisations,Germany
149,A,0.0018480000435374677,0,Hospitalisations,Germany
149,B,0.005570000037550926,0,Hospitalisations,Germany
149,C,0.003440000000409782,0,Hospitalisations,Germany
150,A,0.001470999966841191,0,Hospitalisations,Germany
150,B,0.0044200001284480095,0,Hospitalisations,Germany
150,C,0.002739999967161566,0,Hospitalisations,Germany
151,A,0.0011700000031851232,0,Hospitalisations,Germany
151,B,0.0035299998708069324,0,Hospitalisations,Germany
151,C,0.002182000025641173,0,Hospitalisations,Germany
152,A,9.300000383518636e-4,0,Hospitalisations,Germany
152,B,0.0028000001329928637,0,Hospitalisations,Germany
152,C,0.0017370000132359564,0,Hospitalisations,Germany
153,A,7.399999885819852e-4,0,Hospitalisations,Germany
153,B,0.0022299999836832285,0,Hospitalisations,Germany
153,C,0.0013829999952577055,0,Hospitalisations,Germany
154,A,5.890000029467046e-4,0,Hospitalisations,Germany
154,B,0.0017799998167902231,0,Hospitalisations,Germany
154,C,0.001101000001654029,0,Hospitalisations,Germany
155,A,4.6799995470792055e-4,0,Hospitalisations,Germany
155,B,0.0014100000262260437,0,Hospitalisations,Germany
155,C,8.759999764151871e-4,0,Hospitalisations,Germany
156,A,3.720000386238098e-4,0,Hospitalisations,Germany
156,B,0.001120000146329403,0,Hospitalisations,Germany
156,C,6.970000104047358e-4,0,Hospitalisations,Germany
157,A,2.959999837912619e-4,0,Hospitalisations,Germany
157,B,8.900000248104334e-4,0,Hospitalisations,Germany
157,C,5.549999768845737e-4,0,Hospitalisations,Germany
158,A,2.3499998496845365e-4,0,Hospitalisations,Germany
158,B,7.09999818354845e-4,0,Hospitalisations,Germany
158,C,0.00044100004015490413,0,Hospitalisations,Germany
159,A,1.8700002692639828e-4,0,Hospitalisations,Germany
159,B,5.600000731647015e-4,0,Hospitalisations,Germany
159,C,3.5099999513477087e-4,0,Hospitalisations,Germany
160,A,1.480000209994614e-4,0,Hospitalisations,Germany
160,B,4.499999340623617e-4,0,Hospitalisations,Germany
160,C,2.799999783746898e-4,0,Hospitalisations,Germany
161,A,1.1799996718764305e-4,0,Hospitalisations,Germany
161,B,3.6000018008053303e-4,0,Hospitalisations,Germany
161,C,2.2200000239536166e-4,0,Hospitalisations,Germany
162,A,9.400001727044582e-5,0,Hospitalisations,Germany
162,B,2.799998037517071e-4,0,Hospitalisations,Germany
162,C,1.7600000137463212e-4,0,Hospitalisations,Germany
163,A,7.499998901039362e-5,0,Hospitalisations,Germany
163,B,2.3000012151896954e-4,0,Hospitalisations,Germany
163,C,1.4100002590566874e-4,0,Hospitalisations,Germany
164,A,5.8999983593821526e-5,0,Hospitalisations,Germany
164,B,1.799999736249447e-4,0,Hospitalisations,Germany
164,C,1.1199997970834374e-4,0,Hospitalisations,Germany
165,A,4.700000863522291e-5,0,Hospitalisations,Germany
165,B,1.3999990187585354e-4,0,Hospitalisations,Germany
165,C,8.800002979114652e-5,0,Hospitalisations,Germany
166,A,3.7999998312443495e-5,0,Hospitalisations,Germany
166,B,1.1000013910233974e-4,0,Hospitalisations,Germany
166,C,7.099995855242014e-5,0,Hospitalisations,Germany
167,A,2.8999987989664078e-5,0,Hospitalisations,Germany
167,B,8.999998681247234e-5,0,Hospitalisations,Germany
167,C,5.600001895800233e-5,0,Hospitalisations,Germany
168,A,2.400000812485814e-5,0,Hospitalisations,Germany
168,B,7.00000673532486e-5,0,Hospitalisations,Germany
168,C,4.499999340623617e-5,0,Hospitalisations,Germany
169,A,1.9000028260052204e-5,0,Hospitalisations,Germany
169,B,5.9999991208314896e-5,0,Hospitalisations,Germany
169,C,3.50000336766243e-5,0,Hospitalisations,Germany
170,A,1.4999997802078724e-5,0,Hospitalisations,Germany
170,B,3.9999838918447495e-5,0,Hospitalisations,Germany
170,C,2.8999987989664078e-5,0,Hospitalisations,Germany
171,A,1.0999967344105244e-5,0,Hospitalisations,Germany
171,B,4.000007174909115e-5,0,Hospitalisations,Germany
171,C,2.19999928958714e-5,0,Hospitalisations,Germany
172,A,1.0000017937272787e-5,0,Hospitalisations,Germany
172,B,2.9999995604157448e-5,0,Hospitalisations,Germany
172,C,1.799996243789792e-5,0,Hospitalisations,Germany
173,A,6.999995093792677e-6,0,Hospitalisations,Germany
173,B,1.9999919459223747e-5,0,Hospitalisations,Germany
173,C,1.4000048395246267e-5,0,Hospitalisations,Germany
174,A,5.999987479299307e-6,0,Hospitalisations,Germany
174,B,2.00001522898674e-5,0,Hospitalisations,Germany
174,C,1.0999967344105244e-5,0,Hospitalisations,Germany
175,A,5.00003807246685e-6,0,Hospitalisations,Germany
175,B,9.999843314290047e-6,0,Hospitalisations,Germany
175,C,9.000010322779417e-6,0,Hospitalisations,Germany
176,A,3.999972250312567e-6,0,Hospitalisations,Germany
176,B,1.00000761449337e-5,0,Hospitalisations,Germany
176,C,6.999995093792677e-6,0,Hospitalisations,Germany
177,A,3.00002284348011e-6,0,Hospitalisations,Germany
177,B,1.00000761449337e-5,0,Hospitalisations,Germany
177,C,5.999987479299307e-6,0,Hospitalisations,Germany
178,A,1.9999570213258266e-6,0,Hospitalisations,Germany
178,B,9.999843314290047e-6,0,Hospitalisations,Germany
178,C,4.00003045797348e-6,0,Hospitalisations,Germany
179,A,2.00001522898674e-6,0,Hospitalisations,Germany
179,B,1.00000761449337e-5,0,Hospitalisations,Germany
179,C,3.999972250312567e-6,0,Hospitalisations,Germany
180,A,1.00000761449337e-6,0,Hospitalisations,Germany
180,B,0,0,Hospitalisations,Germany
180,C,3.00002284348011e-6,0,Hospitalisations,Germany
181,A,1.00000761449337e-6,0,Hospitalisations,Germany
181,B,0,0,Hospitalisations,Germany
181,C,2.00001522898674e-6,0,Hospitalisations,Germany
182,A,1.00000761449337e-6,0,Hospitalisations,Germany
182,B,1.00000761449337e-5,0,Hospitalisations,Germany
182,C,1.9999570213258266e-6,0,Hospitalisations,Germany
183,A,1.00000761449337e-6,0,Hospitalisations,Germany
183,B,0,0,Hospitalisations,Germany
183,C,1.00000761449337e-6,0,Hospitalisations,Germany
184,A,1.00000761449337e-6,0,Hospitalisations,Germany
184,B,0,0,Hospitalisations,Germany
184,C,1.00000761449337e-6,0,Hospitalisations,Germany
185,A,0,0,Hospitalisations,Germany
185,B,0,0,Hospitalisations,Germany
185,C,1.00000761449337e-6,0,Hospitalisations,Germany
186,A,9.999494068324566e-7,0,Hospitalisations,Germany
186,B,0,0,Hospitalisations,Germany
186,C,1.00000761449337e-6,0,Hospitalisations,Germany
187,A,0,0,Hospitalisations,Germany
187,B,9.999843314290047e-6,0,Hospitalisations,Germany
187,C,0,0,Hospitalisations,Germany
188,A,0,0,Hospitalisations,Germany
188,B,0,0,Hospitalisations,Germany
188,C,1.00000761449337e-6,0,Hospitalisations,Germany
189,A,0,0,Hospitalisations,Germany
189,B,0,0,Hospitalisations,Germany
189,C,0,0,Hospitalisations,Germany
190,A,0,0,Hospitalisations,Germany
190,B,0,0,Hospitalisations,Germany
190,C,0,0,Hospitalisations,Germany
191,A,1.00000761449337e-6,0,Hospitalisations,Germany
191,B,0,0,Hospitalisations,Germany
191,C,1.00000761449337e-6,0,Hospitalisations,Germany
192,A,0,0,Hospitalisations,Germany
192,B,0,0,Hospitalisations,Germany
192,C,0,0,Hospitalisations,Germany
193,A,0,0,Hospitalisations,Germany
193,B,0,0,Hospitalisations,Germany
193,C,0,0,Hospitalisations,Germany
194,A,0,0,Hospitalisations,Germany
194,B,0,0,Hospitalisations,Germany
194,C,0,0,Hospitalisations,Germany
195,A,0,0,Hospitalisations,Germany
195,B,0,0,Hospitalisations,Germany
195,C,0,0,Hospitalisations,Germany
196,A,0,0,Hospitalisations,Germany
196,B,0,0,Hospitalisations,Germany
196,C,0,0,Hospitalisations,Germany
197,A,0,0,Hospitalisations,Germany
197,B,0,0,Hospitalisations,Germany
197,C,0,0,Hospitalisations,Germany
198,A,0,0,Hospitalisations,Germany
198,B,0,0,Hospitalisations,Germany
198,C,0,0,Hospitalisations,Germany
199,A,0,0,Hospitalisations,Germany
199,B,0,0,Hospitalisations,Germany
199,C,0,0,Hospitalisations,Germany
200,A,0,0,Hospitalisations,Germany
200,B,0,0,Hospitalisations,Germany
200,C,0,0,Hospitalisations,Germany
201,A,0,0,Hospitalisations,Germany
201,B,0,0,Hospitalisations,Germany
201,C,0,0,Hospitalisations,Germany
202,A,0,0,Hospitalisations,Germany
202,B,0,0,Hospitalisations,Germany
202,C,0,0,Hospitalisations,Germany
203,A,0,0,Hospitalisations,Germany
203,B,0,0,Hospitalisations,Germany
203,C,0,0,Hospitalisations,Germany
204,A,0,0,Hospitalisations,Germany
204,B,0,0,Hospitalisations,Germany
204,C,0,0,Hospitalisations,Germany
205,A,0,0,Hospitalisations,Germany
205,B,0,0,Hospitalisations,Germany
205,C,0,0,Hospitalisations,Germany
206,A,0,0,Hospitalisations,Germany
206,B,0,0,Hospitalisations,Germany
206,C,0,0,Hospitalisations,Germany
207,A,0,0,Hospitalisations,Germany
207,B,0,0,Hospitalisations,Germany
207,C,0,0,Hospitalisations,Germany
208,A,0,0,Hospitalisations,Germany
208,B,0,0,Hospitalisations,Germany
208,C,0,0,Hospitalisations,Germany
209,A,0,0,Hospitalisations,Germany
209,B,0,0,Hospitalisations,Germany
209,C,0,0,Hospitalisations,Germany
210,A,0,0,Hospitalisations,Germany
210,B,0,0,Hospitalisations,Germany
210,C,0,0,Hospitalisations,Germany
211,A,0,0,Hospitalisations,Germany
211,B,0,0,Hospitalisations,Germany
211,C,0,0,Hospitalisations,Germany
212,A,0,0,Hospitalisations,Germany
212,B,0,0,Hospitalisations,Germany
212,C,0,0,Hospitalisations,Germany
213,A,0,0,Hospitalisations,Germany
213,B,0,0,Hospitalisations,Germany
213,C,0,0,Hospitalisations,Germany
214,A,0,0,Hospitalisations,Germany
214,B,0,0,Hospitalisations,Germany
214,C,0,0,Hospitalisations,Germany
215,A,0,0,Hospitalisations,Germany
215,B,0,0,Hospitalisations,Germany
215,C,0,0,Hospitalisations,Germany
216,A,0,0,Hospitalisations,Germany
216,B,0,0,Hospitalisations,Germany
216,C,0,0,Hospitalisations,Germany
217,A,0,0,Hospitalisations,Germany
217,B,0,0,Hospitalisations,Germany
217,C,0,0,Hospitalisations,Germany
218,A,0,0,Hospitalisations,Germany
218,B,0,0,Hospitalisations,Germany
218,C,0,0,Hospitalisations,Germany
219,A,0,0,Hospitalisations,Germany
219,B,0,0,Hospitalisations,Germany
219,C,0,0,Hospitalisations,Germany
220,A,0,0,Hospitalisations,Germany
220,B,0,0,Hospitalisations,Germany
220,C,0,0,Hospitalisations,Germany
221,A,0,0,Hospitalisations,Germany
221,B,0,0,Hospitalisations,Germany
221,C,0,0,Hospitalisations,Germany
222,A,0,0,Hospitalisations,Germany
222,B,0,0,Hospitalisations,Germany
222,C,0,0,Hospitalisations,Germany
223,A,0,0,Hospitalisations,Germany
223,B,0,0,Hospitalisations,Germany
223,C,0,0,Hospitalisations,Germany
224,A,0,0,Hospitalisations,Germany
224,B,0,0,Hospitalisations,Germany
224,C,0,0,Hospitalisations,Germany
225,A,0,0,Hospitalisations,Germany
225,B,0,0,Hospitalisations,Germany
225,C,0,0,Hospitalisations,Germany
226,A,0,0,Hospitalisations,Germany
226,B,0,0,Hospitalisations,Germany
226,C,0,0,Hospitalisations,Germany
227,A,0,0,Hospitalisations,Germany
227,B,0,0,Hospitalisations,Germany
227,C,0,0,Hospitalisations,Germany
228,A,0,0,Hospitalisations,Germany
228,B,0,0,Hospitalisations,Germany
228,C,0,0,Hospitalisations,Germany
229,A,0,0,Hospitalisations,Germany
229,B,0,0,Hospitalisations,Germany
229,C,0,0,Hospitalisations,Germany
230,A,0,0,Hospitalisations,Germany
230,B,0,0,Hospitalisations,Germany
230,C,0,0,Hospitalisations,Germany
231,A,0,0,Hospitalisations,Germany
231,B,0,0,Hospitalisations,Germany
231,C,0,0,Hospitalisations,Germany
232,A,0,0,Hospitalisations,Germany
232,B,0,0,Hospitalisations,Germany
232,C,0,0,Hospitalisations,Germany
233,A,0,0,Hospitalisations,Germany
233,B,0,0,Hospitalisations,Germany
233,C,0,0,Hospitalisations,Germany
234,A,0,0,Hospitalisations,Germany
234,B,0,0,Hospitalisations,Germany
234,C,0,0,Hospitalisations,Germany
235,A,0,0,Hospitalisations,Germany
235,B,0,0,Hospitalisations,Germany
235,C,0,0,Hospitalisations,Germany
236,A,0,0,Hospitalisations,Germany
236,B,0,0,Hospitalisations,Germany
236,C,0,0,Hospitalisations,Germany
237,A,0,0,Hospitalisations,Germany
237,B,0,0,Hospitalisations,Germany
237,C,0,0,Hospitalisations,Germany
238,A,0,0,Hospitalisations,Germany
238,B,0,0,Hospitalisations,Germany
238,C,0,0,Hospitalisations,Germany
239,A,0,0,Hospitalisations,Germany
239,B,0,0,Hospitalisations,Germany
239,C,0,0,Hospitalisations,Germany
240,A,0,0,Hospitalisations,Germany
240,B,0,0,Hospitalisations,Germany
240,C,0,0,Hospitalisations,Germany
241,A,0,0,Hospitalisations,Germany
241,B,0,0,Hospitalisations,Germany
241,C,0,0,Hospitalisations,Germany
242,A,0,0,Hospitalisations,Germany
242,B,0,0,Hospitalisations,Germany
242,C,0,0,Hospitalisations,Germany
243,A,0,0,Hospitalisations,Germany
243,B,0,0,Hospitalisations,Germany
243,C,0,0,Hospitalisations,Germany
244,A,0,0,Hospitalisations,Germany
244,B,0,0,Hospitalisations,Germany
244,C,0,0,Hospitalisations,Germany
245,A,0,0,Hospitalisations,Germany
245,B,0,0,Hospitalisations,Germany
245,C,0,0,Hospitalisations,Germany
246,A,0,0,Hospitalisations,Germany
246,B,0,0,Hospitalisations,Germany
246,C,0,0,Hospitalisations,Germany
247,A,0,0,Hospitalisations,Germany
247,B,0,0,Hospitalisations,Germany
247,C,0,0,Hospitalisations,Germany
248,A,0,0,Hospitalisations,Germany
248,B,0,0,Hospitalisations,Germany
248,C,0,0,Hospitalisations,Germany
249,A,0,0,Hospitalisations,Germany
249,B,0,0,Hospitalisations,Germany
249,C,0,0,Hospitalisations,Germany
250,A,0,0,Hospitalisations,Germany
250,B,0,0,Hospitalisations,Germany
250,C,0,0,Hospitalisations,Germany
251,A,0,0,Hospitalisations,Germany
251,B,0,0,Hospitalisations,Germany
251,C,0,0,Hospitalisations,Germany
252,A,0,0,Hospitalisations,Germany
252,B,0,0,Hospitalisations,Germany
252,C,0,0,Hospitalisations,Germany
253,A,0,0,Hospitalisations,Germany
253,B,0,0,Hospitalisations,Germany
253,C,0,0,Hospitalisations,Germany
254,A,0,0,Hospitalisations,Germany
254,B,0,0,Hospitalisations,Germany
254,C,0,0,Hospitalisations,Germany
255,A,0,0,Hospitalisations,Germany
255,B,0,0,Hospitalisations,Germany
255,C,0,0,Hospitalisations,Germany
256,A,0,0,Hospitalisations,Germany
256,B,0,0,Hospitalisations,Germany
256,C,0,0,Hospitalisations,Germany
257,A,0,0,Hospitalisations,Germany
257,B,0,0,Hospitalisations,Germany
257,C,0,0,Hospitalisations,Germany
258,A,0,0,Hospitalisations,Germany
258,B,0,0,Hospitalisations,Germany
258,C,0,0,Hospitalisations,Germany
259,A,0,0,Hospitalisations,Germany
259,B,0,0,Hospitalisations,Germany
259,C,0,0,Hospitalisations,Germany
260,A,0,0,Hospitalisations,Germany
260,B,0,0,Hospitalisations,Germany
260,C,0,0,Hospitalisations,Germany
261,A,0,0,Hospitalisations,Germany
261,B,0,0,Hospitalisations,Germany
261,C,0,0,Hospitalisations,Germany
262,A,0,0,Hospitalisations,Germany
262,B,0,0,Hospitalisations,Germany
262,C,0,0,Hospitalisations,Germany
263,A,0,0,Hospitalisations,Germany
263,B,0,0,Hospitalisations,Germany
263,C,0,0,Hospitalisations,Germany
264,A,0,0,Hospitalisations,Germany
264,B,0,0,Hospitalisations,Germany
264,C,0,0,Hospitalisations,Germany
265,A,0,0,Hospitalisations,Germany
265,B,0,0,Hospitalisations,Germany
265,C,0,0,Hospitalisations,Germany
266,A,0,0,Hospitalisations,Germany
266,B,0,0,Hospitalisations,Germany
266,C,0,0,Hospitalisations,Germany
267,A,0,0,Hospitalisations,Germany
267,B,0,0,Hospitalisations,Germany
267,C,0,0,Hospitalisations,Germany
268,A,0,0,Hospitalisations,Germany
268,B,0,0,Hospitalisations,Germany
268,C,0,0,Hospitalisations,Germany
269,A,0,0,Hospitalisations,Germany
269,B,0,0,Hospitalisations,Germany
269,C,0,0,Hospitalisations,Germany
270,A,0,0,Hospitalisations,Germany
270,B,0,0,Hospitalisations,Germany
270,C,0,0,Hospitalisations,Germany
1,A,0,0,Deaths,Germany
1,B,9.24201532855e-10,0,Deaths,Germany
1,C,2.54581815106e-11,0,Deaths,Germany
2,A,0,0,Deaths,Germany
2,B,1.07908143862145e-7,0,Deaths,Germany
2,C,3.0445558997394e-9,0,Deaths,Germany
3,A,0,0,Deaths,Germany
3,B,1.269199368195e-6,0,Deaths,Germany
3,C,3.715588448775e-8,0,Deaths,Germany
4,A,0,0,Deaths,Germany
4,B,6.08341199397e-6,0,Deaths,Germany
4,C,1.86792130209e-7,0,Deaths,Germany
5,A,0,0,Deaths,Germany
5,B,1.851378304604e-5,0,Deaths,Germany
5,C,6.000956690889999e-7,0,Deaths,Germany
6,A,0,0,Deaths,Germany
6,B,4.3361059871799996e-5,0,Deaths,Germany
6,C,1.4870503066130001e-6,0,Deaths,Germany
7,A,0,0,Deaths,Germany
7,B,8.617498622760001e-5,0,Deaths,Germany
7,C,3.1240613198499995e-6,0,Deaths,Germany
8,A,0,0,Deaths,Germany
8,B,1.53547918798e-4,0,Deaths,Germany
8,C,5.86711167467e-6,0,Deaths,Germany
9,A,0,0,Deaths,Germany
9,B,2.5362340036399995e-4,0,Deaths,Germany
9,C,1.0173324774800002e-5,0,Deaths,Germany
10,A,0,0,Deaths,Germany
10,B,3.967575696990001e-4,0,Deaths,Germany
10,C,1.66319540796e-5,0,Deaths,Germany
11,A,0,0,Deaths,Germany
11,B,5.96356053476e-4,0,Deaths,Germany
11,C,2.6006934910599995e-5,0,Deaths,Germany
12,A,0,0,Deaths,Germany
12,B,8.699502675899998e-4,0,Deaths,Germany
12,C,3.9294098433e-5,0,Deaths,Germany
13,A,0,0,Deaths,Germany
13,B,0.0012406004598700003,0,Deaths,Germany
13,C,5.7797314273e-5,0,Deaths,Germany
14,A,0,0,Deaths,Germany
14,B,0.0017387369608299996,0,Deaths,Germany
14,C,8.322936825799998e-5,0,Deaths,Germany
15,A,0,0,Deaths,Germany
15,B,0.00240458405541,0,Deaths,Germany
15,C,1.1784539425700003e-4,0,Deaths,Germany
16,A,0,0,Deaths,Germany
16,B,0.0032913562563099998,0,Deaths,Germany
16,C,1.6461929612399996e-4,0,Deaths,Germany
17,A,0,0,Deaths,Germany
17,B,0.004469477724400001,0,Deaths,Germany
17,C,2.2747701570800002e-4,0,Deaths,Germany
18,A,0,0,Deaths,Germany
18,B,0.006032156508499998,0,Deaths,Germany
18,C,3.1160499882300005e-4,0,Deaths,Germany
19,A,0,0,Deaths,Germany
19,B,0.008102752319200001,0,Deaths,Germany
19,C,4.2385814332e-4,0,Deaths,Germany
20,A,0,0,Deaths,Germany
20,B,0.010844518083800003,0,Deaths,Germany
20,C,5.732993543699999e-4,0,Deaths,Germany
21,A,0,0,Deaths,Germany
21,B,0.014473482689199998,0,Deaths,Germany
21,C,7.7191320128e-4,0,Deaths,Germany
22,A,0,0,Deaths,Germany
22,B,0.019275489869600003,0,Deaths,Germany
22,C,0.00103554988703,0,Deaths,Germany
23,A,0,0,Deaths,Germany
23,B,0.0256287356405,0,Deaths,Germany
23,C,0.0013851738838700002,0,Deaths,Germany
24,A,0,0,Deaths,Germany
24,B,0.034033579794600005,0,Deaths,Germany
24,C,0.00184851558682,0,Deaths,Germany
25,A,0,0,Deaths,Germany
25,B,0.045151979831,0,Deaths,Germany
25,C,0.0024622560770999995,0,Deaths,Germany
26,A,0,0,Deaths,Germany
26,B,0.059859653349999986,0,Deaths,Germany
26,C,0.003274917065670001,0,Deaths,Germany
27,A,0,0,Deaths,Germany
27,B,0.07931507687900002,0,Deaths,Germany
27,C,0.0043506836027,0,Deaths,Germany
28,A,0,0,Deaths,Germany
28,B,0.10505075401499997,0,Deaths,Germany
28,C,0.005774460548800001,0,Deaths,Germany
29,A,0,0,Deaths,Germany
29,B,0.139093937416,0,Deaths,Germany
29,C,0.007658560861599998,0,Deaths,Germany
30,A,0,0,Deaths,Germany
30,B,0.18412630467400004,0,Deaths,Germany
30,C,0.010151552060900002,0,Deaths,Germany
31,A,0,0,Deaths,Germany
31,B,0.24369514816899995,0,Deaths,Germany
31,C,0.013449956815399997,0,Deaths,Germany
32,A,0,0,Deaths,Germany
32,B,0.3224926817510001,0,Deaths,Germany
32,C,0.017813727644800006,0,Deaths,Germany
33,A,0,0,Deaths,Germany
33,B,0.42672540578999985,0,Deaths,Germany
33,C,0.023586711663399998,0,Deaths,Germany
34,A,0,0,Deaths,Germany
34,B,0.5646025186400001,0,Deaths,Germany
34,C,0.031223711921299996,0,Deaths,Germany
35,A,0,0,Deaths,Germany
35,B,0.7469816550599999,1,Deaths,Germany
35,C,0.041326267222,0,Deaths,Germany
36,A,0,0,Deaths,Germany
36,B,0.9882224770299999,3,Deaths,Germany
36,C,0.05468995143399999,0,Deaths,Germany
37,A,0,0,Deaths,Germany
37,B,1.30731475217,0,Deaths,Germany
37,C,0.072366887386,0,Deaths,Germany
38,A,0,0,Deaths,Germany
38,B,1.72936871808,1,Deaths,Germany
38,C,0.09574834529800003,0,Deaths,Germany
39,A,0,0,Deaths,Germany
39,B,2.287583261240001,2,Deaths,Germany
39,C,0.12667383663399995,0,Deaths,Germany
40,A,0,0,Deaths,Germany
40,B,3.02584366606,3,Deaths,Germany
40,C,0.167575128967,1,Deaths,Germany
41,A,0,0,Deaths,Germany
41,B,4.0021478116,5,Deaths,Germany
41,C,0.22166623185200007,0,Deaths,Germany
42,A,0,0,Deaths,Germany
42,B,5.293120638399998,6,Deaths,Germany
42,C,0.2931938039219999,1,Deaths,Germany
43,A,0,0,Deaths,Germany
43,B,6.9999549118,6,Deaths,Germany
43,C,0.3877668054700001,0,Deaths,Germany
44,A,0,0,Deaths,Germany
44,B,9.2562155619,10,Deaths,Germany
44,C,0.5127897917400002,0,Deaths,Germany
45,A,0,0,Deaths,Germany
45,B,12.238068932300003,12,Deaths,Germany
45,C,0.6780312390499996,2,Deaths,Germany
46,A,0,0,Deaths,Germany
46,B,16.177649871099995,20,Deaths,Germany
46,C,0.8963669097200002,1,Deaths,Germany
47,A,0,0,Deaths,Germany
47,B,21.380458745,28,Deaths,Germany
47,C,1.1847485538799996,1,Deaths,Germany
48,A,0,0,Deaths,Germany
48,B,28.247881010900002,31,Deaths,Germany
48,C,1.5654599824000002,1,Deaths,Germany
49,A,0,0,Deaths,Germany
49,B,37.306125888,24,Deaths,Germany
49,C,2.0677348942,2,Deaths,Germany
50,A,0,0,Deaths,Germany
50,B,49.24304821000001,28,Deaths,Germany
50,C,2.7298218719699996,5,Deaths,Germany
51,A,0,0,Deaths,Germany
51,B,64.95437206099999,40,Deaths,Germany
51,C,3.6015878346,3,Deaths,Germany
52,A,0,0,Deaths,Germany
52,B,85.60064001,107,Deaths,Germany
52,C,4.747744988399999,1,Deaths,Germany
53,A,0,0,Deaths,Germany
53,B,112.67554245000002,130,Deaths,Germany
53,C,6.2517562158,2,Deaths,Germany
54,A,0,0,Deaths,Germany
54,B,148.08479170200002,203,Deaths,Germany
54,C,8.220401489400004,7,Deaths,Germany
55,A,0,0,Deaths,Germany
55,B,194.23191419399996,131,Deaths,Germany
55,C,10.788846957799997,7,Deaths,Germany
56,A,0,0,Deaths,Germany
56,B,254.10266669499993,227,Deaths,Germany
56,C,14.125815803800002,24,Deaths,Germany
57,A,0,0,Deaths,Germany
57,B,331.33275017000005,285,Deaths,Germany
57,C,18.438083996500005,17,Deaths,Germany
58,A,0,0,Deaths,Germany
58,B,430.23411089,404,Deaths,Germany
58,C,23.973004241199988,18,Deaths,Germany
59,A,0,0,Deaths,Germany
59,B,555.7446419100002,762,Deaths,Germany
59,C,31.017147362000003,25,Deaths,Germany
60,A,0,0,Deaths,Germany
60,B,744.3425377499998,848,Deaths,Germany
60,C,39.64725059100002,41,Deaths,Germany
61,A,0,0,Deaths,Germany
61,B,1498.5698051199997,1469,Deaths,Germany
61,C,47.698606102999975,62,Deaths,Germany
62,A,0,0,Deaths,Germany
62,B,2610.9664978,2535,Deaths,Germany
62,C,55.509142421000035,53,Deaths,Germany
63,A,0,0,Deaths,Germany
63,B,3700.603768060001,5043,Deaths,Germany
63,C,64.23315253699997,58,Deaths,Germany
64,A,0,0,Deaths,Germany
64,B,4729.981266399998,3692,Deaths,Germany
64,C,118.92021013100003,217,Deaths,Germany
65,A,0,0,Deaths,Germany
65,B,5705.290911700002,5988,Deaths,Germany
65,C,259.717290932,172,Deaths,Germany
66,A,0,0,Deaths,Germany
66,B,6694.006108999998,7811,Deaths,Germany
66,C,392.04556879100005,423,Deaths,Germany
67,A,0,0,Deaths,Germany
67,B,7731.806838700002,11954,Deaths,Germany
67,C,502.8749560299998,404,Deaths,Germany
68,A,0.00273506442122,0,Deaths,Germany
68,B,8796.421363299996,7631,Deaths,Germany
68,C,603.6255803100003,625,Deaths,Germany
69,A,12.86487591347878,11,Deaths,Germany
69,B,9836.980460800005,11149,Deaths,Germany
69,C,700.2460404999997,573,Deaths,Germany
70,A,49.2567034385,58,Deaths,Germany
70,B,10796.115054599999,9192,Deaths,Germany
70,C,792.02438988,1127,Deaths,Germany
71,A,78.0836298716,76,Deaths,Germany
71,B,11622.644223100004,12247,Deaths,Germany
71,C,875.6849732699998,1022,Deaths,Germany
72,A,93.72023077,91,Deaths,Germany
72,B,12278.807134799994,14537,Deaths,Germany
72,C,948.0763472100007,773,Deaths,Germany
73,A,98.880609137,96,Deaths,Germany
73,B,12741.732415000006,16921,Deaths,Germany
73,C,1006.9658076599999,903,Deaths,Germany
74,A,96.59596825700004,90,Deaths,Germany
74,B,13002.525752999994,10510,Deaths,Germany
74,C,1051.1519062899997,1301,Deaths,Germany
75,A,89.15217144799999,68,Deaths,Germany
75,B,13064.438934000005,11409,Deaths,Germany
75,C,1080.3629636599999,1320,Deaths,Germany
76,A,78.20476781000002,75,Deaths,Germany
76,B,12940.512485,8389,Deaths,Germany
76,C,1095.0781480799997,1493,Deaths,Germany
77,A,64.97544544099992,68,Deaths,Germany
77,B,12650.971797999984,15316,Deaths,Germany
77,C,1096.3279525800008,1128,Deaths,Germany
78,A,50.379761708000046,33,Deaths,Germany
78,B,12220.639088000025,6553,Deaths,Germany
78,C,1085.5036452999993,922,Deaths,Germany
79,A,35.100114218000044,43,Deaths,Germany
79,B,11676.578462999983,11451,Deaths,Germany
79,C,1064.1920695999997,1336,Deaths,Germany
80,A,19.652698686999997,17,Deaths,Germany
80,B,11046.202495000005,6312,Deaths,Germany
80,C,1034.0534549000004,806,Deaths,Germany
81,A,7.6850876909999215,8,Deaths,Germany
81,B,10355.951792999986,4733,Deaths,Germany
81,C,997.0431542999995,1003,Deaths,Germany
82,A,2.7824266470000794,4,Deaths,Germany
82,B,9630.574573999998,8481,Deaths,Germany
82,C,956.0496704000016,917,Deaths,Germany
83,A,1.007392283999934,1,Deaths,Germany
83,B,8892.82591700001,11884,Deaths,Germany
83,C,913.6828702000003,738,Deaths,Germany
84,A,0.3647317050000538,0,Deaths,Germany
84,B,8168.357298999996,8756,Deaths,Germany
84,C,871.5008574999993,1290,Deaths,Germany
85,A,0.13205304299992804,0,Deaths,Germany
85,B,7491.979990000022,8799,Deaths,Germany
85,C,830.2868782000005,476,Deaths,Germany
86,A,0.04781050300005063,0,Deaths,Germany
86,B,6888.901316999982,5121,Deaths,Germany
86,C,790.4269342000007,770,Deaths,Germany
87,A,0.017310045000044738,0,Deaths,Germany
87,B,6339.294083000015,3939,Deaths,Germany
87,C,749.8891962999987,1412,Deaths,Germany
88,A,0.006267193999974552,0,Deaths,Germany
88,B,5799.7817139999825,7222,Deaths,Germany
88,C,705.9020256000003,837,Deaths,Germany
89,A,0.0022690700000111974,0,Deaths,Germany
89,B,5253.6362160000135,6721,Deaths,Germany
89,C,657.5290703999999,281,Deaths,Germany
90,A,8.215289999498054e-4,0,Deaths,Germany
90,B,4711.217640999996,5601,Deaths,Germany
90,C,605.6964778000001,848,Deaths,Germany
91,A,2.974390000645144e-4,0,Deaths,Germany
91,B,4189.419071000011,5027,Deaths,Germany
91,C,551.9790638999984,472,Deaths,Germany
92,A,1.076889999467312e-4,0,Deaths,Germany
92,B,3700.9817090000142,4677,Deaths,Germany
92,C,497.8025383000022,399,Deaths,Germany
93,A,3.899000000728847e-5,0,Deaths,Germany
93,B,3252.734131999954,2624,Deaths,Germany
93,C,444.21808229999806,375,Deaths,Germany
94,A,1.4115999988462136e-5,0,Deaths,Germany
94,B,2846.952042000019,2194,Deaths,Germany
94,C,391.9276002000006,330,Deaths,Germany
95,A,5.110999950375117e-6,0,Deaths,Germany
95,B,2482.598251999996,2971,Deaths,Germany
95,C,340.9668219000014,200,Deaths,Germany
96,A,1.8510000927562942e-6,0,Deaths,Germany
96,B,2157.326854999992,1833,Deaths,Germany
96,C,291.48793999999907,167,Deaths,Germany
97,A,6.699999630654929e-7,0,Deaths,Germany
97,B,1868.9389460000093,2420,Deaths,Germany
97,C,244.22737309999866,150,Deaths,Germany
98,A,2.4199994186346885e-7,0,Deaths,Germany
98,B,1614.4904920000117,976,Deaths,Germany
98,C,200.0803678000011,244,Deaths,Germany
99,A,8.800009254628094e-8,0,Deaths,Germany
99,B,1390.6239719999721,1119,Deaths,Germany
99,C,172.33650470000066,128,Deaths,Germany
100,A,3.200000264769187e-8,0,Deaths,Germany
100,B,1192.6898360000341,996,Deaths,Germany
100,C,162.53181829999812,125,Deaths,Germany
101,A,1.0999997357430402e-8,0,Deaths,Germany
101,B,1015.6768709999742,748,Deaths,Germany
101,C,159.3618473000024,127,Deaths,Germany
102,A,3.999957698397338e-9,0,Deaths,Germany
102,B,855.7975399999996,495,Deaths,Germany
102,C,158.13956309999776,152,Deaths,Germany
103,A,1.999978849198669e-9,0,Deaths,Germany
103,B,710.4131190000335,597,Deaths,Germany
103,C,157.0517992999994,248,Deaths,Germany
104,A,0,0,Deaths,Germany
104,B,599.1597499999916,814,Deaths,Germany
104,C,155.4204815000012,109,Deaths,Germany
105,A,9.999894245993346e-10,0,Deaths,Germany
105,B,548.9103860000032,442,Deaths,Germany
105,C,153.26228840000113,153,Deaths,Germany
106,A,0,0,Deaths,Germany
106,B,519.8880409999983,675,Deaths,Germany
106,C,149.4525066999995,138,Deaths,Germany
107,A,0,0,Deaths,Germany
107,B,493.527145,382,Deaths,Germany
107,C,144.0885175000003,77,Deaths,Germany
108,A,0,0,Deaths,Germany
108,B,467.6233609999763,585,Deaths,Germany
108,C,138.18271129999994,136,Deaths,Germany
109,A,0,0,Deaths,Germany
109,B,441.7904280000366,400,Deaths,Germany
109,C,132.14383259999886,78,Deaths,Germany
110,A,0,0,Deaths,Germany
110,B,416.12609999999404,485,Deaths,Germany
110,C,126.13548350000201,111,Deaths,Germany
111,A,0,0,Deaths,Germany
111,B,390.84700899996096,505,Deaths,Germany
111,C,120.22951349999857,125,Deaths,Germany
112,A,0,0,Deaths,Germany
112,B,366.16766199999256,345,Deaths,Germany
112,C,114.4619574999997,133,Deaths,Germany
113,A,0,0,Deaths,Germany
113,B,342.26525700005004,389,Deaths,Germany
113,C,108.85363630000211,155,Deaths,Germany
114,A,0,0,Deaths,Germany
114,B,319.2738769999705,199,Deaths,Germany
114,C,103.4179183999986,108,Deaths,Germany
115,A,0,0,Deaths,Germany
115,B,297.28810300002806,279,Deaths,Germany
115,C,98.16379940000115,123,Deaths,Germany
116,A,0,0,Deaths,Germany
116,B,276.3690489999717,277,Deaths,Germany
116,C,93.09725299999991,140,Deaths,Germany
117,A,0,0,Deaths,Germany
117,B,256.55047299998114,172,Deaths,Germany
117,C,88.22193029999835,97,Deaths,Germany
118,A,0,0,Deaths,Germany
118,B,237.84424100001343,231,Deaths,Germany
118,C,83.53959570000006,26,Deaths,Germany
119,A,0,0,Deaths,Germany
119,B,220.24498800002038,272,Deaths,Germany
119,C,79.05044790000102,74,Deaths,Germany
120,A,0,0,Deaths,Germany
120,B,203.73402799997712,137,Deaths,Germany
120,C,74.75337890000083,80,Deaths,Germany
121,A,0,0,Deaths,Germany
121,B,188.28257199999643,203,Deaths,Germany
121,C,70.6461907999983,76,Deaths,Germany
122,A,0,0,Deaths,Germany
122,B,173.85436800000025,191,Deaths,Germany
122,C,66.72578599999906,63,Deaths,Germany
123,A,0,0,Deaths,Germany
123,B,160.40786700003082,119,Deaths,Germany
123,C,62.988328600000386,39,Deaths,Germany
124,A,0,0,Deaths,Germany
124,B,147.89795299997786,168,Deaths,Germany
124,C,59.4293886000014,59,Deaths,Germany
125,A,0,0,Deaths,Germany
125,B,136.27735300001223,93,Deaths,Germany
125,C,56.044063400000596,53,Deaths,Germany
126,A,0,0,Deaths,Germany
126,B,125.49774000002071,135,Deaths,Germany
126,C,52.82708609999827,58,Deaths,Germany
127,A,0,0,Deaths,Germany
127,B,115.51062399998773,116,Deaths,Germany
127,C,49.772917499998584,69,Deaths,Germany
128,A,0,0,Deaths,Germany
128,B,106.26801499997964,114,Deaths,Germany
128,C,46.87582570000086,58,Deaths,Germany
129,A,0,0,Deaths,Germany
129,B,97.72296400001505,107,Deaths,Germany
129,C,44.12995420000152,69,Deaths,Germany
130,A,0,0,Deaths,Germany
130,B,89.82993999996688,65,Deaths,Germany
130,C,41.52938029999859,55,Deaths,Germany
131,A,0,0,Deaths,Germany
131,B,82.545111000014,87,Deaths,Germany
131,C,39.06816489999983,43,Deaths,Germany
132,A,0,0,Deaths,Germany
132,B,75.82655400002841,77,Deaths,Germany
132,C,36.740393800002494,39,Deaths,Germany
133,A,0,0,Deaths,Germany
133,B,69.63436099997489,57,Deaths,Germany
133,C,34.54021250000005,33,Deaths,Germany
134,A,0,0,Deaths,Germany
134,B,63.93072800000664,46,Deaths,Germany
134,C,32.46185609999884,38,Deaths,Germany
135,A,0,0,Deaths,Germany
135,B,58.67996799998218,42,Deaths,Germany
135,C,30.499671900000976,28,Deaths,Germany
136,A,0,0,Deaths,Germany
136,B,53.84851000003982,35,Deaths,Germany
136,C,28.648140099998272,45,Deaths,Germany
137,A,0,0,Deaths,Germany
137,B,49.40486499998951,66,Deaths,Germany
137,C,26.901887799998804,44,Deaths,Germany
138,A,0,0,Deaths,Germany
138,B,45.31956500001252,64,Deaths,Germany
138,C,25.25570190000144,24,Deaths,Germany
139,A,0,0,Deaths,Germany
139,B,41.5651019999641,35,Deaths,Germany
139,C,23.704537900001014,23,Deaths,Germany
140,A,0,0,Deaths,Germany
140,B,38.11584300000686,44,Deaths,Germany
140,C,22.243525999998383,29,Deaths,Germany
141,A,0,0,Deaths,Germany
141,B,34.94794500002172,25,Deaths,Germany
141,C,20.86797630000001,12,Deaths,Germany
142,A,0,0,Deaths,Germany
142,B,32.03926799999317,31,Deaths,Germany
142,C,19.57337980000011,9,Deaths,Germany
143,A,0,0,Deaths,Germany
143,B,29.36927199998172,28,Deaths,Germany
143,C,18.35541060000105,27,Deaths,Germany
144,A,0,0,Deaths,Germany
144,B,26.918937999987975,21,Deaths,Germany
144,C,17.209925099999964,18,Deaths,Germany
145,A,0,0,Deaths,Germany
145,B,24.67066500004148,22,Deaths,Germany
145,C,16.13295939999807,13,Deaths,Germany
146,A,0,0,Deaths,Germany
146,B,22.608181999996305,17,Deaths,Germany
146,C,15.12072850000186,15,Deaths,Germany
147,A,0,0,Deaths,Germany
147,B,20.71646599995438,32,Deaths,Germany
147,C,14.16962109999804,13,Deaths,Germany
148,A,0,0,Deaths,Germany
148,B,18.98165200004587,16,Deaths,Germany
148,C,13.276197200000752,10,Deaths,Germany
149,A,0,0,Deaths,Germany
149,B,17.39095599995926,18,Deaths,Germany
149,C,12.437183000001824,17,Deaths,Germany
150,A,0,0,Deaths,Germany
150,B,15.932596000027843,18,Deaths,Germany
150,C,11.64946559999953,8,Deaths,Germany
151,A,0,0,Deaths,Germany
151,B,14.595724000013433,21,Deaths,Germany
151,C,10.910089199998765,9,Deaths,Germany
152,A,0,0,Deaths,Germany
152,B,13.370351999998093,10,Deaths,Germany
152,C,10.216248200002155,11,Deaths,Germany
153,A,0,0,Deaths,Germany
153,B,12.24729099997785,8,Deaths,Germany
153,C,9.565282999999908,12,Deaths,Germany
154,A,0,0,Deaths,Germany
154,B,11.218094000010751,9,Deaths,Germany
154,C,8.954673500000354,5,Deaths,Germany
155,A,0,0,Deaths,Germany
155,B,10.27499100001296,6,Deaths,Germany
155,C,8.382034199999907,22,Deaths,Germany
156,A,0,0,Deaths,Germany
156,B,9.410848999978043,17,Deaths,Germany
156,C,7.84510809999847,7,Deaths,Germany
157,A,0,0,Deaths,Germany
157,B,8.619107000005897,10,Deaths,Germany
157,C,7.341761299998325,19,Deaths,Germany
158,A,0,0,Deaths,Germany
158,B,7.893747000023723,6,Deaths,Germany
158,C,6.869977700000163,7,Deaths,Germany
159,A,0,0,Deaths,Germany
159,B,7.2292409999645315,7,Deaths,Germany
159,C,6.4278530000010505,2,Deaths,Germany
160,A,0,0,Deaths,Germany
160,B,6.62051400000928,9,Deaths,Germany
160,C,6.0135904000017035,3,Deaths,Germany
161,A,0,0,Deaths,Germany
161,B,6.062911999993958,6,Deaths,Germany
161,C,5.625494699997944,9,Deaths,Germany
162,A,0,0,Deaths,Germany
162,B,5.552161000028718,4,Deaths,Germany
162,C,5.261967200000072,6,Deaths,Germany
163,A,0,0,Deaths,Germany
163,B,5.084343999973498,1,Deaths,Germany
163,C,4.921501700002409,5,Deaths,Germany
164,A,0,0,Deaths,Germany
164,B,4.655868000001647,9,Deaths,Germany
164,C,4.602678899998864,4,Deaths,Germany
165,A,0,0,Deaths,Germany
165,B,4.2634369999868795,2,Deaths,Germany
165,C,4.304162299999007,8,Deaths,Germany
166,A,0,0,Deaths,Germany
166,B,3.904028000019025,5,Deaths,Germany
166,C,4.024694100000488,8,Deaths,Germany
167,A,0,0,Deaths,Germany
167,B,3.574873999983538,3,Deaths,Germany
167,C,3.7630903999997827,4,Deaths,Germany
168,A,0,0,Deaths,Germany
168,B,3.273432000016328,3,Deaths,Germany
168,C,3.5182381000013265,3,Deaths,Germany
169,A,0,0,Deaths,Germany
169,B,2.997378000000026,4,Deaths,Germany
169,C,3.2890898999976343,4,Deaths,Germany
170,A,0,0,Deaths,Germany
170,B,2.744578999991063,1,Deaths,Germany
170,C,3.074661800001195,10,Deaths,Germany
171,A,0,0,Deaths,Germany
171,B,2.513076999981422,2,Deaths,Germany
171,C,2.874028800000815,0,Deaths,Germany
172,A,0,0,Deaths,Germany
172,B,2.301086000050418,0,Deaths,Germany
172,C,2.686322300000029,1,Deaths,Germany
173,A,0,0,Deaths,Germany
173,B,2.106960999954026,2,Deaths,Germany
173,C,2.5107257999989088,2,Deaths,Germany
174,A,0,0,Deaths,Germany
174,B,1.9292000000132248,3,Deaths,Germany
174,C,2.346473400000832,3,Deaths,Germany
175,A,0,0,Deaths,Germany
175,B,1.7664269999950193,3,Deaths,Germany
175,C,2.192845599998691,3,Deaths,Germany
176,A,0,0,Deaths,Germany
176,B,1.617379000002984,2,Deaths,Germany
176,C,2.0491675000012037,3,Deaths,Germany
177,A,0,0,Deaths,Germany
177,B,1.4808990000165068,5,Deaths,Germany
177,C,1.91480539999975,1,Deaths,Germany
178,A,0,0,Deaths,Germany
178,B,1.355929000012111,4,Deaths,Germany
178,C,1.7891653000006045,1,Deaths,Germany
179,A,0,0,Deaths,Germany
179,B,1.2415019999607466,1,Deaths,Germany
179,C,1.6716897000005702,4,Deaths,Germany
180,A,0,0,Deaths,Germany
180,B,1.1367259999969974,0,Deaths,Germany
180,C,1.561856299998908,1,Deaths,Germany
181,A,0,0,Deaths,Germany
181,B,1.0407880000420846,1,Deaths,Germany
181,C,1.4591747999984364,3,Deaths,Germany
182,A,0,0,Deaths,Germany
182,B,0.9529459999757819,2,Deaths,Germany
182,C,1.3631862000002002,1,Deaths,Germany
183,A,0,0,Deaths,Germany
183,B,0.8725139999878593,1,Deaths,Germany
183,C,1.2734597000016947,0,Deaths,Germany
184,A,0,0,Deaths,Germany
184,B,0.7988699999987148,0,Deaths,Germany
184,C,1.1895923999982188,4,Deaths,Germany
185,A,0,0,Deaths,Germany
185,B,0.7314380000461824,0,Deaths,Germany
185,C,1.1112062000029255,1,Deaths,Germany
186,A,0,0,Deaths,Germany
186,B,0.6696989999618381,0,Deaths,Germany
186,C,1.0379470999978366,1,Deaths,Germany
187,A,0,0,Deaths,Germany
187,B,0.6131680000107735,3,Deaths,Germany
187,C,0.969483400000172,0,Deaths,Germany
188,A,0,0,Deaths,Germany
188,B,0.5614090000162832,1,Deaths,Germany
188,C,0.9055049999988114,1,Deaths,Germany
189,A,0,0,Deaths,Germany
189,B,0.514017999987118,2,Deaths,Germany
189,C,0.845720799999981,1,Deaths,Germany
190,A,0,0,Deaths,Germany
190,B,0.47062600002391264,1,Deaths,Germany
190,C,0.7898588000025484,0,Deaths,Germany
191,A,0,0,Deaths,Germany
191,B,0.43089799996232614,1,Deaths,Germany
191,C,0.7376640999973461,1,Deaths,Germany
192,A,0,0,Deaths,Germany
192,B,0.3945219999877736,0,Deaths,Germany
192,C,0.6888982000018586,1,Deaths,Germany
193,A,0,0,Deaths,Germany
193,B,0.3612169999978505,0,Deaths,Germany
193,C,0.643337800000154,1,Deaths,Germany
194,A,0,0,Deaths,Germany
194,B,0.3307230000500567,0,Deaths,Germany
194,C,0.6007743000009214,3,Deaths,Germany
195,A,0,0,Deaths,Germany
195,B,0.30280299996957183,0,Deaths,Germany
195,C,0.561011799996777,1,Deaths,Germany
196,A,0,0,Deaths,Germany
196,B,0.27724000002490357,0,Deaths,Germany
196,C,0.5238677000015741,1,Deaths,Germany
197,A,0,0,Deaths,Germany
197,B,0.2538349999813363,1,Deaths,Germany
197,C,0.4891709000003175,0,Deaths,Germany
198,A,0,0,Deaths,Germany
198,B,0.23240500001702458,0,Deaths,Germany
198,C,0.45676129999992554,1,Deaths,Germany
199,A,0,0,Deaths,Germany
199,B,0.21278499998152256,0,Deaths,Germany
199,C,0.426489199999196,1,Deaths,Germany
200,A,0,0,Deaths,Germany
200,B,0.1948199999751523,0,Deaths,Germany
200,C,0.398214700002427,1,Deaths,Germany
201,A,0,0,Deaths,Germany
201,B,0.17837300000246614,1,Deaths,Germany
201,C,0.3718066000001272,0,Deaths,Germany
202,A,0,0,Deaths,Germany
202,B,0.16331400000490248,0,Deaths,Germany
202,C,0.3471427999975276,0,Deaths,Germany
203,A,0,0,Deaths,Germany
203,B,0.14952600002288818,0,Deaths,Germany
203,C,0.32410860000163666,0,Deaths,Germany
204,A,0,0,Deaths,Germany
204,B,0.13690199999837205,0,Deaths,Germany
204,C,0.3025969999980589,1,Deaths,Germany
205,A,0,0,Deaths,Germany
205,B,0.12534400000004098,0,Deaths,Germany
205,C,0.28250800000023446,0,Deaths,Germany
206,A,0,0,Deaths,Germany
206,B,0.11476199998287484,0,Deaths,Germany
206,C,0.26374790000045323,0,Deaths,Germany
207,A,0,0,Deaths,Germany
207,B,0.10507200000574812,0,Deaths,Germany
207,C,0.2462295000004815,0,Deaths,Germany
208,A,0,0,Deaths,Germany
208,B,0.09620199998607859,0,Deaths,Germany
208,C,0.2298707000009017,0,Deaths,Germany
209,A,0,0,Deaths,Germany
209,B,0.08808000001590699,0,Deaths,Germany
209,C,0.2145952999999281,0,Deaths,Germany
210,A,0,0,Deaths,Germany
210,B,0.08064300002297387,1,Deaths,Germany
210,C,0.2003320999974676,1,Deaths,Germany
211,A,0,0,Deaths,Germany
211,B,0.07383499998832121,0,Deaths,Germany
211,C,0.1870139000020572,0,Deaths,Germany
212,A,0,0,Deaths,Germany
212,B,0.06760100001702085,0,Deaths,Germany
212,C,0.1745785999992222,0,Deaths,Germany
213,A,0,0,Deaths,Germany
213,B,0.06189399998402223,0,Deaths,Germany
213,C,0.1629681000013079,0,Deaths,Germany
214,A,0,0,Deaths,Germany
214,B,0.05666800000471994,0,Deaths,Germany
214,C,0.15212749999773223,0,Deaths,Germany
215,A,0,0,Deaths,Germany
215,B,0.0518830000073649,0,Deaths,Germany
215,C,0.1420064000012644,0,Deaths,Germany
216,A,0,0,Deaths,Germany
216,B,0.047503999958280474,0,Deaths,Germany
216,C,0.1325567999992927,0,Deaths,Germany
217,A,0,0,Deaths,Germany
217,B,0.043492000026162714,0,Deaths,Germany
217,C,0.12373460000162595,0,Deaths,Germany
218,A,0,0,Deaths,Germany
218,B,0.03982100001303479,0,Deaths,Germany
218,C,0.11549829999785288,0,Deaths,Germany
219,A,0,0,Deaths,Germany
219,B,0.03645899996627122,0,Deaths,Germany
219,C,0.10780879999947501,0,Deaths,Germany
220,A,0,0,Deaths,Germany
220,B,0.033380000037141144,0,Deaths,Germany
220,C,0.10063040000022738,0,Deaths,Germany
221,A,0,0,Deaths,Germany
221,B,0.030561999999918044,0,Deaths,Germany
221,C,0.09392880000086734,0,Deaths,Germany
222,A,0,0,Deaths,Germany
222,B,0.027981999970506877,0,Deaths,Germany
222,C,0.08767280000029132,0,Deaths,Germany
223,A,0,0,Deaths,Germany
223,B,0.02562000002944842,0,Deaths,Germany
223,C,0.08183250000001863,0,Deaths,Germany
224,A,0,0,Deaths,Germany
224,B,0.023455999966245145,0,Deaths,Germany
224,C,0.07638059999953839,0,Deaths,Germany
225,A,0,0,Deaths,Germany
225,B,0.02147600002354011,0,Deaths,Germany
225,C,0.07129120000172406,0,Deaths,Germany
226,A,0,0,Deaths,Germany
226,B,0.019663000013679266,1,Deaths,Germany
226,C,0.06654049999997369,0,Deaths,Germany
227,A,0,0,Deaths,Germany
227,B,0.018001999997068197,0,Deaths,Germany
227,C,0.06210569999893778,0,Deaths,Germany
228,A,0,0,Deaths,Germany
228,B,0.01648299995576963,0,Deaths,Germany
228,C,0.05796610000106739,0,Deaths,Germany
229,A,0,0,Deaths,Germany
229,B,0.015091000008396804,0,Deaths,Germany
229,C,0.05410189999747672,0,Deaths,Germany
230,A,0,0,Deaths,Germany
230,B,0.013817000028211623,0,Deaths,Germany
230,C,0.05049490000237711,0,Deaths,Germany
231,A,0,0,Deaths,Germany
231,B,0.01264999998966232,0,Deaths,Germany
231,C,0.047128099999099504,0,Deaths,Germany
232,A,0,0,Deaths,Germany
232,B,0.011583000014070421,0,Deaths,Germany
232,C,0.04398550000041723,0,Deaths,Germany
233,A,0,0,Deaths,Germany
233,B,0.010604000010062009,0,Deaths,Germany
233,C,0.041052100001252256,0,Deaths,Germany
234,A,0,0,Deaths,Germany
234,B,0.009708999947179109,0,Deaths,Germany
234,C,0.03831419999914942,0,Deaths,Germany
235,A,0,0,Deaths,Germany
235,B,0.008890000055544078,0,Deaths,Germany
235,C,0.035758499998337356,0,Deaths,Germany
236,A,0,0,Deaths,Germany
236,B,0.008138999983202666,0,Deaths,Germany
236,C,0.033373099999153055,0,Deaths,Germany
237,A,0,0,Deaths,Germany
237,B,0.00745099998312071,0,Deaths,Germany
237,C,0.031146700002864236,0,Deaths,Germany
238,A,0,0,Deaths,Germany
238,B,0.006823000032454729,0,Deaths,Germany
238,C,0.029068699997878866,0,Deaths,Germany
239,A,0,0,Deaths,Germany
239,B,0.006245999946258962,0,Deaths,Germany
239,C,0.02712910000263946,0,Deaths,Germany
240,A,0,0,Deaths,Germany
240,B,0.0057200000155717134,0,Deaths,Germany
240,C,0.025318799998785835,0,Deaths,Germany
241,A,0,0,Deaths,Germany
241,B,0.00523599999723956,0,Deaths,Germany
241,C,0.023629200000868877,0,Deaths,Germany
242,A,0,0,Deaths,Germany
242,B,0.004794000007677823,0,Deaths,Germany
242,C,0.022052199998142896,0,Deaths,Germany
243,A,0,0,Deaths,Germany
243,B,0.00439000001642853,0,Deaths,Germany
243,C,0.02058039999974426,0,Deaths,Germany
244,A,0,0,Deaths,Germany
244,B,0.00401799997780472,0,Deaths,Germany
244,C,0.019206700002541766,0,Deaths,Germany
245,A,0,0,Deaths,Germany
245,B,0.0036800000234507024,0,Deaths,Germany
245,C,0.017924699997820426,0,Deaths,Germany
246,A,0,0,Deaths,Germany
246,B,0.003368999983649701,0,Deaths,Germany
246,C,0.0167280000023311,0,Deaths,Germany
247,A,0,0,Deaths,Germany
247,B,0.003084000025410205,0,Deaths,Germany
247,C,0.015611399998306297,0,Deaths,Germany
248,A,0,0,Deaths,Germany
248,B,0.002823999966494739,0,Deaths,Germany
248,C,0.014568999999028165,0,Deaths,Germany
249,A,0,0,Deaths,Germany
249,B,0.002586000016890466,0,Deaths,Germany
249,C,0.013596400000096764,0,Deaths,Germany
250,A,0,0,Deaths,Germany
250,B,0.0023669999791309237,0,Deaths,Germany
250,C,0.012688499999057967,0,Deaths,Germany
251,A,0,0,Deaths,Germany
251,B,0.0021670000278390944,0,Deaths,Germany
251,C,0.011841200001072139,1,Deaths,Germany
252,A,0,0,Deaths,Germany
252,B,0.001984999980777502,0,Deaths,Germany
252,C,0.011050500001147157,0,Deaths,Germany
253,A,0,0,Deaths,Germany
253,B,0.001816999982111156,0,Deaths,Germany
253,C,0.010312599999451777,0,Deaths,Germany
254,A,0,0,Deaths,Germany
254,B,0.0016630000318400562,0,Deaths,Germany
254,C,0.009623800000554183,0,Deaths,Germany
255,A,0,0,Deaths,Germany
255,B,0.0015230000135488808,0,Deaths,Germany
255,C,0.00898120000056224,0,Deaths,Germany
256,A,0,0,Deaths,Germany
256,B,0.001394999970216304,0,Deaths,Germany
256,C,0.00838119999752962,0,Deaths,Germany
257,A,0,0,Deaths,Germany
257,B,0.0012759999954141676,0,Deaths,Germany
257,C,0.007821500003046822,0,Deaths,Germany
258,A,0,0,Deaths,Germany
258,B,0.0011689999955706298,0,Deaths,Germany
258,C,0.007298999997146893,0,Deaths,Germany
259,A,0,0,Deaths,Germany
259,B,0.0010710000060498714,0,Deaths,Germany
259,C,0.006811499999457737,0,Deaths,Germany
260,A,0,0,Deaths,Germany
260,B,9.790000040084124e-4,0,Deaths,Germany
260,C,0.006356500001857057,0,Deaths,Germany
261,A,0,0,Deaths,Germany
261,B,8.980000275187194e-4,0,Deaths,Germany
261,C,0.005931799998506904,0,Deaths,Germany
262,A,0,0,Deaths,Germany
262,B,8.209999650716782e-4,0,Deaths,Germany
262,C,0.00553560000116704,0,Deaths,Germany
263,A,0,0,Deaths,Germany
263,B,7.520000217482448e-4,0,Deaths,Germany
263,C,0.005165800001122989,0,Deaths,Germany
264,A,0,0,Deaths,Germany
264,B,6.890000076964498e-4,0,Deaths,Germany
264,C,0.004820599999220576,0,Deaths,Germany
265,A,0,0,Deaths,Germany
265,B,6.299999658949673e-4,0,Deaths,Germany
265,C,0.004498599999351427,0,Deaths,Germany
266,A,0,0,Deaths,Germany
266,B,5.77000027988106e-4,0,Deaths,Germany
266,C,0.00419799999872339,0,Deaths,Germany
267,A,0,0,Deaths,Germany
267,B,5.290000117383897e-4,0,Deaths,Germany
267,C,0.003917500001989538,0,Deaths,Germany
268,A,0,0,Deaths,Germany
268,B,4.829999525099993e-4,0,Deaths,Germany
268,C,0.0036557999992510304,0,Deaths,Germany
269,A,0,0,Deaths,Germany
269,B,4.4300005538389087e-4,0,Deaths,Germany
269,C,0.003411400000914,0,Deaths,Germany
270,A,0,0,Deaths,Germany
270,B,4.059999482706189e-4,0,Deaths,Germany
270,C,0.0031835999980103225,0,Deaths,Germany
